opportunity_id,sales_agent,product,account,deal_stage,engage_date,close_date,close_value
JF9CTPPZ,Versie Hillebrand,GTX Basic,Inity,Won,2017-03-31,2017-06-30,526.0
6WCNNK5J,Maureen Marcano,GTXPro,Hottechi,Won,2017-12-26,2017-12-29,4433.0
QY4ZMI2F,Lajuana Vencill,GTX Plus Basic,Warephase,Lost,2017-08-28,2017-09-14,0.0
7CZU8GS1,Darcel Schlecht,MG Special,,Prospecting,,,
PU7GV4MK,Marty Freudenburg,MG Advanced,Condax,Lost,2017-02-08,2017-05-13,0.0
OWEMO7RD,Elease Gluck,MG Special,Sonron,Lost,2017-08-29,2017-11-25,0.0
FGH181PC,Kami Bicknell,GTX Basic,Dalttechnology,Won,2017-03-11,2017-06-06,528.0
84V18DBW,Anna Snelling,GTX Plus Basic,Finhigh,Won,2017-01-28,2017-06-01,1216.0
3DY60YA7,Darcel Schlecht,GTXPro,Stanredtax,Lost,2017-06-28,2017-07-06,0.0
QIEAKLRU,Cecily Lampkin,MG Advanced,,Engaging,2017-08-03,,
6HE07D76,Zane Levy,GTX Basic,Hatfan,Won,2017-08-25,2017-11-19,454.0
QAB3H9H5,Gladys Colclough,GTXPro,Globex Corporation,Lost,2017-07-10,2017-07-11,0.0
NUA0OE6Z,Markita Hansen,GTX Basic,Goodsilron,Won,2017-04-04,2017-06-03,605.0
SUOT8GB6,Vicki Laflamme,MG Advanced,Blackzim,Won,2017-08-12,2017-11-14,3779.0
KLBW3TOH,Kami Bicknell,GTX Plus Pro,Goodsilron,Won,2017-10-31,2017-11-09,5512.0
DX1M0XF0,Darcel Schlecht,GTXPro,,Prospecting,,,
OJWGRIXN,Gladys Colclough,GTX Plus Basic,,Prospecting,,,
63S5SNBC,Anna Snelling,GTX Plus Basic,Domzoom,Won,2017-10-26,2017-10-27,1103.0
B4UIGJRX,Lajuana Vencill,GTX Plus Basic,Dontechi,Won,2017-07-19,2017-07-30,1089.0
WDG0B1IR,Gladys Colclough,MG Special,Rundofase,Lost,2017-01-06,2017-03-23,0.0
SE6OIGYN,Violet Mclelland,GTX Plus Basic,Isdom,Engaging,2017-06-12,,
IUKIZFB7,Kami Bicknell,GTX Basic,Singletechno,Lost,2017-08-19,2017-08-25,0.0
1BAF1ZYL,Vicki Laflamme,GTX Basic,Plexzap,Won,2017-08-14,2017-08-19,551.0
TBJ99S41,Versie Hillebrand,MG Special,Konmatfix,Lost,2017-04-02,2017-04-12,0.0
XO3XXR9X,Maureen Marcano,GTXPro,Dalttechnology,Won,2017-03-09,2017-06-09,4342.0
7C9BUYV0,James Ascencio,GTX Basic,Cheers,Lost,2017-03-09,2017-05-23,0.0
EK0ZZHKT,Cassey Cress,MG Advanced,Massive Dynamic,Lost,2017-03-15,2017-06-24,0.0
VICY80KW,Cassey Cress,GTXPro,Vehement Capital Partners,Won,2017-06-05,2017-08-27,4994.0
ASC1OWNE,Anna Snelling,GTX Plus Pro,Stanredtax,Won,2017-06-22,2017-09-12,6250.0
22ZJM20V,Darcel Schlecht,GTXPro,Statholdings,Lost,2017-02-09,2017-05-18,0.0
2ZUL1AAV,Kary Hendrixson,MG Advanced,Fasehatice,Lost,2017-04-22,2017-04-29,0.0
95V8BLR2,Kami Bicknell,GTX Basic,Goodsilron,Won,2017-06-25,2017-09-22,519.0
1Z72JRDI,Maureen Marcano,MG Advanced,Labdrill,Won,2017-07-06,2017-07-16,3452.0
LBO52V0N,Cassey Cress,GTXPro,,Engaging,2017-08-14,,
BZGJ44FH,Kami Bicknell,GTXPro,,Engaging,2017-10-19,,
OBGCQ1BK,Niesha Huffines,GTX Basic,Domzoom,Lost,2017-06-01,2017-09-21,0.0
EZVKSQ9C,Boris Faz,GTX Plus Pro,Genco Pura Olive Oil Company,Engaging,2016-12-16,,
J1G2SZKD,Zane Levy,GTX Basic,Goodsilron,Engaging,2017-11-22,,
BZNGP0DN,Reed Clapper,MG Special,Massive Dynamic,Won,2017-07-28,2017-08-10,53.0
32K5LEDV,Reed Clapper,GTX Plus Pro,Silis,Won,2017-07-12,2017-07-18,5538.0
8QH99OEZ,Jonathan Berthelot,GTX Plus Basic,Inity,Won,2017-06-22,2017-09-13,1051.0
R1HFBU5H,Darcel Schlecht,GTX Basic,,Prospecting,,,
IR2D4ZG5,Rosie Papadopoulos,GTX Plus Pro,Bioplex,Won,2017-06-21,2017-06-27,6229.0
LCTI4CFV,Gladys Colclough,MG Special,Genco Pura Olive Oil Company,Won,2017-03-25,2017-06-16,55.0
MDRX39D8,Kary Hendrixson,GTXPro,Newex,Won,2017-03-08,2017-05-11,4918.0
67ORNLJ3,Jonathan Berthelot,GTX Basic,Dontechi,Won,2017-08-25,2017-09-05,474.0
VYR4EWHR,Kary Hendrixson,GTX Basic,,Engaging,2017-08-18,,
GR2X90DZ,Vicki Laflamme,GTX Basic,,Engaging,2017-01-15,,
FR8FT0ZX,Markita Hansen,GTX Plus Pro,Green-Plus,Won,2017-06-22,2017-09-04,4916.0
FC1LS6PY,Versie Hillebrand,MG Advanced,Zumgoity,Lost,2017-05-31,2017-06-08,0.0
DZR5L7XQ,Markita Hansen,GTXPro,Green-Plus,Lost,2017-06-27,2017-07-05,0.0
LF8JZ3Q5,Kary Hendrixson,GTX Plus Basic,Hatfan,Won,2016-12-14,2017-03-13,1046.0
516FJUNB,Rosalina Dieter,MG Advanced,Singletechno,Won,2017-03-01,2017-03-07,3959.0
N7KJ821I,Versie Hillebrand,GTX Plus Pro,Inity,Lost,2017-05-08,2017-08-02,0.0
UQ86UOWY,Kary Hendrixson,GTX Basic,Y-corporation,Lost,2017-02-23,2017-05-04,0.0
WK6ERCGR,James Ascencio,GTX Plus Pro,Golddex,Won,2017-01-27,2017-06-06,5116.0
Z1WLLL1H,Kami Bicknell,GTX Basic,,Engaging,2017-01-21,,
PEX6S873,Elease Gluck,GTK 500,Cheers,Lost,2017-03-15,2017-05-19,0.0
9DEDEQ5O,Vicki Laflamme,GTXPro,Green-Plus,Won,2017-05-27,2017-09-14,4477.0
8CV5MZWW,Kami Bicknell,GTX Basic,Nam-zim,Lost,2017-07-17,2017-07-21,0.0
6ONKN1IM,Vicki Laflamme,MG Advanced,Newex,Lost,2017-06-01,2017-08-22,0.0
7AOZ2F9R,Lajuana Vencill,GTX Basic,Hottechi,Won,2017-04-21,2017-06-12,489.0
URRD7VUB,Jonathan Berthelot,MG Special,Blackzim,Prospecting,,,
WZ3FJA3V,Zane Levy,GTX Plus Basic,Labdrill,Engaging,2017-08-25,,
YOISPUC6,Corliss Cosme,GTX Plus Basic,Kan-code,Lost,2017-02-25,2017-05-21,0.0
GET2JILL,Wilburn Farren,MG Advanced,The New York Inquirer,Won,2017-04-17,2017-04-23,3490.0
P66UXGPS,Darcel Schlecht,GTX Plus Basic,,Engaging,2017-07-22,,
922DHXBA,Violet Mclelland,MG Special,Opentech,Lost,2017-04-11,2017-04-22,0.0
SV2VJ3VH,Kami Bicknell,GTX Plus Basic,Plexzap,Lost,2017-03-29,2017-05-05,0.0
VLADQZ43,Darcel Schlecht,GTXPro,Domzoom,Lost,2017-01-30,2017-05-31,0.0
MR08TTTT,Jonathan Berthelot,GTX Basic,,Prospecting,,,
E96ZTKHC,Vicki Laflamme,GTX Basic,Scotfind,Won,2017-03-14,2017-03-17,542.0
GZ5M7MIQ,Darcel Schlecht,GTX Plus Basic,Conecom,Lost,2017-06-25,2017-07-01,0.0
D5TGHX3Y,Darcel Schlecht,GTXPro,Stanredtax,Lost,2017-04-21,2017-08-10,0.0
6KPKOR79,Donn Cantrell,GTX Plus Basic,Bioplex,Won,2017-08-03,2017-09-13,1050.0
GK86H0SK,Cassey Cress,GTXPro,Umbrella Corporation,Won,2017-03-19,2017-03-28,4975.0
5D8MX6L9,Daniell Hammack,GTX Basic,Ganjaflex,Lost,2017-08-23,2017-11-01,0.0
NZJXKD9H,Daniell Hammack,MG Special,,Engaging,2017-08-19,,
TS2JEK3E,Donn Cantrell,GTX Basic,Betasoloin,Won,2017-07-04,2017-09-23,531.0
6YMJLH2F,Anna Snelling,GTX Plus Pro,Finhigh,Lost,2017-07-30,2017-08-07,0.0
8W464DG6,Corliss Cosme,GTXPro,Zencorporation,Won,2017-04-23,2017-04-30,5787.0
GQ125FX0,Versie Hillebrand,GTX Basic,Gogozoom,Won,2017-02-14,2017-06-03,528.0
3F9NDPA0,Maureen Marcano,GTX Plus Basic,Konex,Won,2017-08-09,2017-08-10,1102.0
QCN2DZQQ,Reed Clapper,GTX Plus Basic,The New York Inquirer,Won,2017-08-28,2017-09-21,948.0
VZS17M7X,Markita Hansen,MG Advanced,J-Texon,Won,2017-04-01,2017-04-06,3817.0
UQCPNZO1,Versie Hillebrand,GTX Basic,Zumgoity,Won,2017-08-31,2017-09-15,552.0
B6UWHOD4,Versie Hillebrand,MG Special,Stanredtax,Won,2017-04-01,2017-04-02,60.0
6GBGF19R,Rosie Papadopoulos,GTXPro,Plussunin,Won,2017-12-19,2017-12-30,4566.0
JZTX4MXK,Zane Levy,GTXPro,Sunnamplex,Won,2017-04-02,2017-04-03,4444.0
4H6DFFO4,Versie Hillebrand,MG Advanced,,Prospecting,,,
DMN53GAI,Hayden Neloms,MG Advanced,J-Texon,Won,2017-08-10,2017-08-13,3511.0
TTYSSNJH,Cassey Cress,GTX Plus Basic,Gekko & Co,Won,2017-10-23,2017-11-01,1027.0
SZ09YDEF,Zane Levy,GTXPro,Finjob,Lost,2017-12-04,2017-12-20,0.0
QZ2E9TSL,James Ascencio,MG Advanced,Golddex,Lost,2017-04-17,2017-08-12,0.0
LWC0UJWD,Cassey Cress,GTX Basic,Bioplex,Lost,2017-07-02,2017-07-03,0.0
79EHWR35,Vicki Laflamme,GTX Basic,,Engaging,2017-03-02,,
ZPX96Q40,James Ascencio,GTX Plus Pro,Condax,Won,2017-03-11,2017-06-12,5344.0
U83R2K8I,Anna Snelling,MG Special,Treequote,Won,2017-08-16,2017-08-29,53.0
XUGTSB00,Niesha Huffines,MG Advanced,Ron-tech,Won,2017-03-06,2017-03-19,3167.0
N2249A7T,Markita Hansen,GTXPro,,Engaging,2017-11-02,,
DPAEMTHC,Donn Cantrell,GTX Basic,Konex,Lost,2017-07-14,2017-07-15,0.0
2DOZJ7GT,Versie Hillebrand,MG Advanced,Gogozoom,Lost,2017-08-05,2017-11-08,0.0
L2NXQFPN,Zane Levy,MG Special,Cheers,Lost,2017-06-12,2017-06-20,0.0
SQW60VII,Kami Bicknell,MG Advanced,Fasehatice,Lost,2017-10-24,2017-10-26,0.0
HEOTZFII,Markita Hansen,MG Special,Labdrill,Lost,2017-04-23,2017-04-24,0.0
EFA9E6WV,Kary Hendrixson,GTX Plus Pro,Lexiqvolax,Won,2017-06-24,2017-09-30,5056.0
A3D8MRDX,Niesha Huffines,GTXPro,Dontechi,Won,2017-03-26,2017-05-12,4280.0
5FG7S674,Rosie Papadopoulos,MG Special,Zencorporation,Lost,2017-05-18,2017-08-14,0.0
Q1Q3D9BZ,Vicki Laflamme,GTX Basic,Sunnamplex,Lost,2017-11-02,2017-11-07,0.0
PHP5V833,Anna Snelling,GTX Basic,Cancity,Lost,2017-03-24,2017-05-18,0.0
4ROECHG6,Darcel Schlecht,GTXPro,Ron-tech,Prospecting,,,
EO481IOJ,Reed Clapper,GTXPro,Vehement Capital Partners,Won,2017-04-24,2017-04-25,4980.0
Q2CLAKLM,Daniell Hammack,GTX Plus Pro,,Engaging,2017-04-30,,
EVDMSM4N,Kami Bicknell,GTX Plus Basic,Blackzim,Lost,2017-05-27,2017-08-14,0.0
KU7COUGK,Wilburn Farren,MG Advanced,The New York Inquirer,Won,2017-08-22,2017-12-22,2994.0
USVLKDF4,Corliss Cosme,GTX Basic,Dontechi,Engaging,2017-02-04,,
52UPJFYI,Gladys Colclough,GTX Basic,Domzoom,Won,2016-12-29,2017-03-19,571.0
JQ8V4I1K,Versie Hillebrand,MG Special,Bioholding,Won,2017-04-13,2017-04-22,56.0
UFALPP82,Vicki Laflamme,GTXPro,Goodsilron,Won,2017-05-15,2017-08-19,4246.0
IAV71BEX,Cecily Lampkin,MG Advanced,Singletechno,Prospecting,,,
UEXJN3Y6,Kami Bicknell,GTX Plus Basic,Konex,Won,2017-07-05,2017-07-12,1230.0
FUL5V96O,Gladys Colclough,GTX Plus Basic,Domzoom,Won,2017-04-16,2017-04-22,1055.0
UAX3F7D4,Daniell Hammack,GTX Plus Pro,Opentech,Won,2017-03-05,2017-03-21,6024.0
CVKLHZEO,Moses Frase,GTX Basic,Genco Pura Olive Oil Company,Won,2017-02-15,2017-05-13,455.0
DOP1NORG,Gladys Colclough,MG Special,Plexzap,Prospecting,,,
LB6S2ONR,Markita Hansen,GTX Basic,Y-corporation,Won,2017-10-28,2017-11-11,598.0
KMLW6GXY,Vicki Laflamme,MG Advanced,Kan-code,Lost,2017-07-04,2017-07-12,0.0
MCWDHOBT,Elease Gluck,GTXPro,Plusstrip,Won,2017-02-25,2017-05-19,4612.0
PX4OW5SC,Darcel Schlecht,MG Special,Codehow,Lost,2017-02-27,2017-05-02,0.0
UCLGT98S,Niesha Huffines,GTX Basic,Conecom,Lost,2017-10-26,2017-10-30,0.0
IRODLEGG,Niesha Huffines,MG Advanced,Globex Corporation,Won,2017-06-05,2017-09-14,3449.0
7UVKZD60,Jonathan Berthelot,GTX Basic,,Prospecting,,,
CAAYFKK8,James Ascencio,GTX Plus Basic,Singletechno,Won,2017-05-31,2017-06-04,1056.0
TWDNQ9TX,Jonathan Berthelot,GTX Plus Basic,Rangreen,Won,2017-10-30,2017-10-31,973.0
NBJR3GVR,Marty Freudenburg,GTXPro,,Engaging,2017-08-01,,
B4SIVH1O,Daniell Hammack,GTX Basic,Fasehatice,Engaging,2017-02-22,,
RUN3Z87A,Donn Cantrell,GTX Plus Basic,Donquadtech,Lost,2017-08-25,2017-11-18,0.0
IC4J0BIZ,Niesha Huffines,GTX Basic,Codehow,Won,2017-07-13,2017-07-24,550.0
UPHLXZ3M,Lajuana Vencill,MG Special,Funholding,Lost,2017-06-02,2017-08-02,0.0
DXRG254A,Boris Faz,GTX Basic,,Engaging,2017-07-28,,
MD0SRXG4,Darcel Schlecht,GTX Plus Pro,Ron-tech,Won,2017-06-08,2017-06-21,5175.0
R707GGNA,James Ascencio,GTX Plus Pro,Y-corporation,Won,2017-03-28,2017-06-26,7356.0
RGW7PKJ6,Marty Freudenburg,GTX Basic,Xx-zobam,Prospecting,,,
FM505XD5,Daniell Hammack,GTX Plus Pro,Y-corporation,Engaging,2017-04-08,,
1PXQZ40I,Versie Hillebrand,MG Advanced,Zumgoity,Won,2017-12-13,2017-12-27,3735.0
KXY0TY2K,Markita Hansen,GTX Plus Basic,Lexiqvolax,Lost,2017-04-28,2017-04-29,0.0
MG3ZJ8F3,Gladys Colclough,GTX Plus Basic,Inity,Won,2017-12-04,2017-12-11,1110.0
8IXBS90G,Rosie Papadopoulos,MG Special,Donware,Won,2016-12-20,2017-03-08,60.0
41IM8V9E,Zane Levy,GTX Basic,Finjob,Lost,2017-06-05,2017-09-27,0.0
56AN1DXW,Garret Kinder,GTX Basic,Initech,Lost,2017-06-16,2017-08-22,0.0
GV9G96Z1,Garret Kinder,GTXPro,Plussunin,Lost,2017-05-28,2017-08-30,0.0
R6F1053X,Donn Cantrell,GTXPro,Konex,Won,2017-08-04,2017-08-11,5186.0
PDXFX23P,Corliss Cosme,GTXPro,Initech,Won,2017-10-20,2017-10-26,4287.0
C8SWZNON,Cassey Cress,GTXPro,Sumace,Won,2017-05-15,2017-05-23,3717.0
UZN5JBF3,Darcel Schlecht,GTX Basic,Warephase,Won,2017-06-30,2017-09-29,565.0
E0S2ZL6X,Niesha Huffines,GTX Plus Basic,Streethex,Prospecting,,,
CYKC7RXH,Donn Cantrell,GTXPro,Kan-code,Lost,2017-05-20,2017-08-06,0.0
WI4PODA2,Kary Hendrixson,GTX Plus Pro,Faxquote,Won,2016-12-27,2017-03-15,5256.0
GWRN1R49,James Ascencio,MG Advanced,Scotfind,Won,2017-04-24,2017-05-05,3042.0
HEK08UMI,Anna Snelling,MG Advanced,Rangreen,Lost,2017-05-26,2017-08-19,0.0
G3TZD0CB,Marty Freudenburg,GTX Plus Basic,Funholding,Won,2017-07-03,2017-07-11,1204.0
S9ZUMLSY,Elease Gluck,MG Special,J-Texon,Lost,2017-06-25,2017-09-13,0.0
T1ZYZ70B,Anna Snelling,MG Special,Codehow,Lost,2017-03-28,2017-06-08,0.0
Y3CYQGPH,Rosalina Dieter,GTX Basic,,Engaging,2017-02-22,,
YTSX7IW3,Markita Hansen,MG Special,Blackzim,Won,2017-06-24,2017-07-02,59.0
ZE7PM90V,James Ascencio,GTX Basic,Blackzim,Won,2017-05-31,2017-08-23,570.0
1N99TLIA,Maureen Marcano,MG Advanced,Blackzim,Lost,2017-03-20,2017-06-02,0.0
CMCVD0N8,Darcel Schlecht,GTXPro,Warephase,Won,2017-06-29,2017-07-08,5321.0
B0XO4WY7,Donn Cantrell,GTX Basic,Massive Dynamic,Won,2017-06-22,2017-07-02,553.0
6ROE69W5,Rosalina Dieter,GTX Basic,Plexzap,Lost,2016-11-16,2017-03-11,0.0
SGV1FR3O,Kami Bicknell,GTX Basic,Cheers,Won,2017-03-20,2017-06-23,568.0
FXXEZ5U2,Cassey Cress,MG Advanced,Initech,Won,2017-06-06,2017-08-09,3042.0
SG1T9M5F,Darcel Schlecht,GTXPro,Isdom,Lost,2017-04-24,2017-04-30,0.0
HNCSYU4T,Markita Hansen,MG Advanced,Faxquote,Won,2017-12-13,2017-12-27,3442.0
ZTFYF8PV,Lajuana Vencill,GTX Plus Basic,,Prospecting,,,
TWWD62O3,Darcel Schlecht,MG Special,,Prospecting,,,
TCTLOMKP,Cassey Cress,MG Advanced,Bioplex,Won,2017-05-25,2017-06-27,2993.0
BPUE8GTU,Moses Frase,MG Special,Rundofase,Won,2017-04-11,2017-06-06,46.0
MMWD47ZY,Gladys Colclough,GTX Plus Basic,Konmatfix,Lost,2017-06-28,2017-08-29,0.0
ULY6LFT1,Rosie Papadopoulos,GTXPro,Mathtouch,Won,2017-07-20,2017-07-31,5392.0
9Z2WTTNY,Darcel Schlecht,GTX Plus Basic,Statholdings,Engaging,2017-07-28,,
0XYUJ7HF,Vicki Laflamme,MG Special,Isdom,Engaging,2017-08-23,,
T5JO33V3,Lajuana Vencill,GTX Basic,Ron-tech,Won,2017-04-30,2017-08-11,583.0
BJOY31DL,Violet Mclelland,MG Special,Betasoloin,Engaging,2017-06-23,,
HU970PDK,James Ascencio,GTX Plus Pro,Donquadtech,Engaging,2017-05-18,,
EW28ZONV,Zane Levy,GTX Plus Basic,,Engaging,2017-02-25,,
HQ2QSZUP,Anna Snelling,MG Special,Streethex,Won,2017-08-13,2017-11-02,50.0
FQ5A489H,Garret Kinder,GTX Plus Pro,Kan-code,Won,2017-07-19,2017-07-26,4895.0
0OJE7J6C,Corliss Cosme,GTX Plus Pro,Gekko & Co,Won,2017-12-09,2017-12-17,5143.0
P2PVED7R,Cassey Cress,GTX Plus Basic,Kan-code,Won,2017-08-14,2017-08-30,907.0
CVPH0J04,Markita Hansen,GTXPro,Sunnamplex,Won,2017-03-27,2017-06-26,4968.0
D9VTKEEH,Anna Snelling,GTX Plus Basic,Genco Pura Olive Oil Company,Lost,2017-08-01,2017-08-11,0.0
58SGEGN8,Lajuana Vencill,GTX Basic,Ron-tech,Lost,2017-05-04,2017-05-10,0.0
99QIJAAP,Reed Clapper,MG Special,Opentech,Won,2017-04-19,2017-04-27,61.0
XRDF1NAB,Zane Levy,GTXPro,,Engaging,2017-03-01,,
NKBIYNK5,Vicki Laflamme,GTX Basic,Faxquote,Lost,2017-04-20,2017-04-28,0.0
C2MKJA8V,Zane Levy,GTXPro,Condax,Won,2017-05-31,2017-06-05,4988.0
B5CBSTM5,Kary Hendrixson,MG Advanced,Golddex,Won,2017-03-19,2017-03-29,3550.0
I81SUA2R,Rosie Papadopoulos,GTXPro,Plussunin,Won,2017-04-30,2017-08-12,5182.0
XP1PQSPC,Markita Hansen,GTX Plus Basic,Kan-code,Won,2017-08-28,2017-09-27,1081.0
9B7FS6YL,Darcel Schlecht,GTXPro,Konex,Engaging,2017-07-27,,
65SMA4OZ,Darcel Schlecht,GTXPro,,Prospecting,,,
ENL7MDL2,Hayden Neloms,GTX Plus Basic,Hottechi,Won,2017-10-19,2017-10-28,1226.0
IITSDWWL,Vicki Laflamme,MG Advanced,Fasehatice,Won,2017-06-13,2017-06-26,3205.0
2GQH9FKJ,Darcel Schlecht,GTXPro,dambase,Won,2017-07-27,2017-08-09,4790.0
Y1GEH2EG,Vicki Laflamme,GTX Plus Pro,Green-Plus,Won,2017-07-07,2017-07-13,4466.0
JLT2LLR3,Boris Faz,MG Advanced,Donquadtech,Won,2017-04-04,2017-04-09,3259.0
BL4SKUCN,Lajuana Vencill,GTX Basic,Ron-tech,Lost,2017-04-03,2017-04-11,0.0
DDHNCZMO,Niesha Huffines,GTX Plus Pro,Konex,Prospecting,,,
OEP0IJ6S,Darcel Schlecht,GTXPro,,Engaging,2017-07-31,,
Z9DK5289,Kami Bicknell,GTXPro,Golddex,Lost,2017-07-10,2017-07-12,0.0
XF54BYUH,Moses Frase,GTX Plus Pro,Genco Pura Olive Oil Company,Won,2017-12-01,2017-12-09,5619.0
I99AI8C5,Lajuana Vencill,MG Special,dambase,Lost,2017-05-17,2017-08-08,0.0
8BRN98H6,Lajuana Vencill,MG Advanced,Zumgoity,Lost,2017-04-01,2017-04-10,0.0
C5B5WBY9,Versie Hillebrand,GTX Plus Basic,Sumace,Prospecting,,,
UDTQF84C,Violet Mclelland,GTX Basic,Condax,Lost,2017-04-15,2017-04-17,0.0
KPUHKYWU,Reed Clapper,GTXPro,The New York Inquirer,Won,2017-04-10,2017-04-20,4136.0
ORUHS3Q2,Rosalina Dieter,GTX Basic,Sonron,Won,2017-08-24,2017-11-17,432.0
FUI9BIS3,Moses Frase,MG Advanced,Funholding,Engaging,2017-08-04,,
B7VEJNPV,Jonathan Berthelot,GTXPro,Codehow,Lost,2017-08-10,2017-11-23,0.0
GTOKTXRA,Vicki Laflamme,MG Special,Scotfind,Won,2017-06-12,2017-09-20,48.0
QLTDWAEM,Marty Freudenburg,MG Special,Scottech,Won,2017-03-25,2017-06-19,54.0
VJSI29OF,Versie Hillebrand,MG Special,,Engaging,2017-08-11,,
RLTHGLLJ,Kami Bicknell,GTX Plus Pro,Singletechno,Won,2017-08-25,2017-11-23,4773.0
SH1NTXPV,Violet Mclelland,MG Advanced,Kinnamplus,Won,2017-11-14,2017-11-29,3342.0
DZP0MNRM,Niesha Huffines,GTX Plus Basic,Konex,Engaging,2017-07-25,,
2B0QVPBT,Gladys Colclough,MG Special,Stanredtax,Won,2017-04-14,2017-04-15,57.0
M4MOGAS4,Violet Mclelland,MG Advanced,Acme Corporation,Won,2017-08-24,2017-08-25,3146.0
RTOIXNPC,Gladys Colclough,MG Special,,Engaging,2017-07-30,,
2WH4NUR9,Cassey Cress,GTX Basic,Bluth Company,Lost,2017-03-07,2017-06-04,0.0
3D6ZHLF0,Kami Bicknell,GTX Basic,Zoomit,Lost,2017-05-30,2017-08-05,0.0
5S2JLJGL,Jonathan Berthelot,GTX Plus Basic,Funholding,Lost,2017-11-18,2017-11-30,0.0
YSFFEUCQ,Zane Levy,GTX Plus Basic,Groovestreet,Lost,2017-10-23,2017-10-28,0.0
CEQ3J96G,Anna Snelling,MG Special,Funholding,Won,2017-05-13,2017-08-04,54.0
2EOF1QCY,James Ascencio,GTX Plus Pro,J-Texon,Won,2017-01-28,2017-05-20,5259.0
0K59ZLQC,Corliss Cosme,GTX Basic,Donquadtech,Engaging,2017-05-18,,
CMD0758L,Maureen Marcano,GTX Basic,Faxquote,Won,2017-06-24,2017-08-21,562.0
FVTCAFCL,Kary Hendrixson,GTX Basic,Newex,Won,2017-11-21,2017-12-22,597.0
3SEMPUU1,Markita Hansen,GTXPro,Labdrill,Engaging,2017-05-17,,
1U945R0D,Elease Gluck,MG Advanced,Dalttechnology,Lost,2017-07-15,2017-07-16,0.0
PSKWV2JJ,Zane Levy,GTX Plus Basic,Blackzim,Won,2017-08-31,2017-11-19,1011.0
7C2HU8OC,Kary Hendrixson,GTX Plus Basic,Faxquote,Lost,2017-04-06,2017-04-16,0.0
V02WMIWK,Anna Snelling,MG Special,,Engaging,2017-07-26,,
SOW7H1RP,Vicki Laflamme,MG Advanced,Lexiqvolax,Lost,2017-07-02,2017-07-03,0.0
JWRSTAU8,Moses Frase,GTX Basic,Ron-tech,Won,2017-03-24,2017-06-12,503.0
3TYPII47,Kami Bicknell,GTX Plus Basic,Goodsilron,Won,2016-11-20,2017-03-03,1207.0
S6BG03TB,Anna Snelling,GTX Plus Pro,Treequote,Won,2017-01-27,2017-05-08,5883.0
ZZ4X9VN3,Wilburn Farren,MG Advanced,Ganjaflex,Won,2017-10-21,2017-10-31,2995.0
JC7DDV56,Anna Snelling,MG Special,,Prospecting,,,
EB89ONZN,Kary Hendrixson,GTXPro,Funholding,Engaging,2017-03-29,,
PRHL94PK,Wilburn Farren,MG Advanced,Xx-zobam,Won,2017-05-07,2017-08-05,3666.0
QRKHWNRB,Elease Gluck,MG Special,Faxquote,Won,2017-03-17,2017-06-25,63.0
97KFQSX1,Elease Gluck,MG Advanced,Scotfind,Won,2017-02-05,2017-05-09,3351.0
RACLHBXN,Daniell Hammack,GTX Plus Basic,,Engaging,2017-03-19,,
IQ9W1X36,Corliss Cosme,MG Special,Kinnamplus,Won,2017-02-23,2017-03-02,50.0
FQXZBTEG,Reed Clapper,GTX Plus Basic,Zencorporation,Lost,2017-07-10,2017-07-18,0.0
ERV0CAZ7,Versie Hillebrand,MG Special,Zumgoity,Won,2016-11-13,2017-03-09,60.0
IW6S2BN0,Gladys Colclough,GTX Plus Basic,,Engaging,2017-08-01,,
7GM1XD9W,James Ascencio,GTXPro,Faxquote,Won,2017-06-27,2017-09-16,4277.0
3RJPZ634,Corliss Cosme,GTXPro,Konex,Won,2017-11-22,2017-12-06,4492.0
DHUG18WU,Elease Gluck,GTX Plus Pro,Sonron,Lost,2017-10-23,2017-10-30,0.0
ZZQB2NPD,Lajuana Vencill,GTX Plus Basic,Ron-tech,Won,2017-04-05,2017-06-19,1140.0
M827K2PI,Moses Frase,GTX Basic,Domzoom,Won,2017-10-27,2017-12-14,656.0
RZ8HI1Y5,Lajuana Vencill,GTX Plus Basic,Warephase,Lost,2017-07-17,2017-07-24,0.0
3Z2AMU5T,Reed Clapper,MG Advanced,Kinnamplus,Lost,2017-08-02,2017-11-23,0.0
O8JCYJSV,Marty Freudenburg,GTX Plus Basic,Silis,Prospecting,,,
E3L02XMN,Marty Freudenburg,GTX Basic,Ron-tech,Won,2017-08-18,2017-12-30,580.0
4WP0VJAS,Lajuana Vencill,MG Advanced,Codehow,Won,2017-02-01,2017-06-18,2525.0
ER3G544S,Versie Hillebrand,MG Advanced,Toughzap,Lost,2017-05-12,2017-08-14,0.0
LXGNXNX1,Corliss Cosme,GTXPro,Sumace,Won,2017-06-17,2017-09-09,4960.0
M64OQCC3,Darcel Schlecht,MG Special,,Prospecting,,,
0TR3RU8A,Niesha Huffines,MG Special,Domzoom,Won,2017-06-12,2017-09-10,61.0
UJ7BYO6A,Wilburn Farren,MG Advanced,,Engaging,2017-05-04,,
M92Y63Q3,Jonathan Berthelot,MG Special,Domzoom,Won,2017-03-05,2017-05-05,59.0
PR1H7NHK,Versie Hillebrand,MG Special,Mathtouch,Engaging,2017-08-01,,
IEN6RBZI,Reed Clapper,GTX Plus Basic,Zotware,Won,2017-03-19,2017-06-24,1046.0
1PN7TVPX,Vicki Laflamme,MG Special,Hottechi,Lost,2017-01-25,2017-05-01,0.0
S6BD2RV6,Versie Hillebrand,MG Special,,Prospecting,,,
LSVMMUJ0,Darcel Schlecht,GTXPro,Condax,Won,2017-02-05,2017-03-25,5559.0
M4ZNQTEQ,Rosie Papadopoulos,MG Advanced,Plussunin,Won,2017-03-04,2017-03-12,3340.0
PE8DK02A,Versie Hillebrand,MG Special,Ron-tech,Won,2017-03-01,2017-03-17,49.0
GC3IVG7S,James Ascencio,GTX Plus Pro,Singletechno,Lost,2017-07-03,2017-07-05,0.0
1V1L46NV,Versie Hillebrand,GTX Basic,Rundofase,Won,2017-08-05,2017-11-09,563.0
PDMWTS8O,Anna Snelling,MG Special,Domzoom,Won,2017-05-04,2017-06-04,54.0
TXPUCPT8,Cecily Lampkin,MG Advanced,Globex Corporation,Won,2017-08-07,2017-11-17,3684.0
33JYWJ1X,Maureen Marcano,GTX Basic,Cheers,Won,2017-11-21,2017-12-29,619.0
SUT0ZGFM,Rosie Papadopoulos,MG Advanced,Initech,Lost,2017-04-23,2017-05-06,0.0
SDJDM8RI,Cassey Cress,MG Advanced,Umbrella Corporation,Lost,2017-04-23,2017-08-20,0.0
YIZ1VQ3U,Hayden Neloms,MG Advanced,Hottechi,Lost,2017-04-14,2017-04-15,0.0
4JVY843T,Lajuana Vencill,MG Advanced,Streethex,Lost,2017-05-06,2017-05-23,0.0
01EH41WA,Zane Levy,GTXPro,,Engaging,2017-03-04,,
VP8ERXPR,Cassey Cress,MG Special,,Engaging,2017-04-29,,
TY9RBWLT,Kami Bicknell,GTX Basic,Goodsilron,Won,2017-11-09,2017-11-23,562.0
N58V2ML8,Donn Cantrell,MG Special,Plussunin,Won,2017-04-05,2017-04-14,50.0
H4U50AEW,Marty Freudenburg,GTX Plus Pro,Stanredtax,Won,2017-07-01,2017-07-09,5422.0
A2G8VYZY,Darcel Schlecht,GTX Plus Basic,Globex Corporation,Won,2017-03-13,2017-03-17,1247.0
OPL7DH0Q,Niesha Huffines,GTX Plus Basic,Dontechi,Lost,2017-05-13,2017-08-24,0.0
YFP8IZ98,Rosie Papadopoulos,MG Special,Acme Corporation,Won,2017-03-08,2017-06-22,61.0
MDLJKQ5B,Darcel Schlecht,GTXPro,dambase,Won,2017-11-15,2017-11-30,5600.0
K83L4L0I,Rosie Papadopoulos,MG Advanced,Mathtouch,Won,2017-05-29,2017-06-17,2918.0
DTFLKV60,Anna Snelling,MG Advanced,Dontechi,Lost,2017-10-20,2017-10-21,0.0
KFSKQ291,Gladys Colclough,MG Advanced,Plusstrip,Prospecting,,,
XKYQ16FS,Kary Hendrixson,MG Special,Nam-zim,Lost,2017-10-18,2017-11-05,0.0
3AIA6RL3,Jonathan Berthelot,GTX Plus Basic,Hottechi,Won,2017-06-20,2017-08-20,1132.0
Q2RY668B,Kami Bicknell,GTX Basic,,Engaging,2017-05-10,,
KO7JWXCT,Darcel Schlecht,GTXPro,,Prospecting,,,
M6J6VNVQ,Donn Cantrell,GTX Basic,Ontomedia,Won,2017-07-07,2017-09-08,498.0
N4SD17JR,Reed Clapper,GTX Basic,Acme Corporation,Won,2016-11-12,2017-03-01,556.0
G0L0B1QC,Cassey Cress,MG Advanced,Opentech,Won,2017-07-18,2017-07-28,3407.0
L8CG1IQO,Darcel Schlecht,GTX Basic,Condax,Lost,2017-06-27,2017-07-06,0.0
3MGMH9AE,Gladys Colclough,MG Advanced,Stanredtax,Lost,2017-10-23,2017-10-24,0.0
MQEFGUOG,Vicki Laflamme,GTX Basic,,Engaging,2017-08-12,,
S9W53L4L,Niesha Huffines,GTX Basic,Dontechi,Won,2017-02-09,2017-06-05,672.0
B3K4Z5L0,Violet Mclelland,GTX Basic,Umbrella Corporation,Lost,2017-06-19,2017-06-24,0.0
J5DF2ZO1,James Ascencio,MG Special,Kan-code,Won,2017-04-18,2017-04-29,44.0
C205FMDE,Corliss Cosme,MG Special,Zencorporation,Won,2017-08-13,2017-09-01,59.0
8TXOC3S3,Moses Frase,MG Advanced,Scottech,Lost,2017-03-30,2017-04-11,0.0
98K99UW9,Rosie Papadopoulos,GTX Plus Pro,,Engaging,2017-08-06,,
LUFY70BU,Elease Gluck,GTK 500,Goodsilron,Lost,2017-03-30,2017-04-04,0.0
BY1TB6D2,Markita Hansen,GTXPro,Konex,Won,2017-07-27,2017-07-28,4209.0
1RIY3IBH,Niesha Huffines,MG Advanced,Globex Corporation,Won,2017-06-10,2017-06-12,2724.0
456BP2X7,Zane Levy,MG Advanced,,Engaging,2017-04-10,,
GS1QVWCR,Kami Bicknell,GTX Basic,Plusstrip,Won,2016-11-22,2017-03-31,566.0
CPOA6FVA,Lajuana Vencill,GTX Basic,,Engaging,2017-08-04,,
G4KL8QWY,James Ascencio,GTX Basic,Rantouch,Won,2017-05-21,2017-06-04,593.0
SFXFXRYV,Darcel Schlecht,GTXPro,Ron-tech,Lost,2017-08-15,2017-11-20,0.0
VNJQD4Z7,Reed Clapper,GTX Plus Pro,Zathunicon,Won,2017-11-10,2017-12-29,4659.0
FOGOYZ75,Rosie Papadopoulos,MG Advanced,Plussunin,Won,2017-07-30,2017-08-07,3019.0
LN9NU0A8,Marty Freudenburg,GTX Plus Basic,Inity,Won,2017-07-07,2017-07-17,1193.0
9CGD5QSZ,Corliss Cosme,GTX Basic,Zencorporation,Lost,2017-04-17,2017-04-21,0.0
S8ALJKKH,Garret Kinder,GTXPro,Massive Dynamic,Won,2017-05-18,2017-08-14,4671.0
Z31RDLIF,Rosie Papadopoulos,MG Advanced,Gekko & Co,Lost,2017-07-28,2017-11-27,0.0
PCBA3KAV,Reed Clapper,MG Advanced,Zathunicon,Won,2017-02-10,2017-06-05,3618.0
96A1GDXO,Reed Clapper,GTX Plus Pro,Kan-code,Won,2017-05-07,2017-08-01,5601.0
41B62CUB,Hayden Neloms,MG Special,J-Texon,Lost,2017-08-28,2017-11-11,0.0
R9VR53F3,Daniell Hammack,GTX Plus Pro,Umbrella Corporation,Won,2017-08-02,2017-08-14,6284.0
4R0TB2CL,Donn Cantrell,GTXPro,Bubba Gump,Won,2017-07-04,2017-07-13,4669.0
5EKN0BFN,Daniell Hammack,GTX Plus Pro,Zathunicon,Won,2017-02-22,2017-05-15,4848.0
N36DEZBR,James Ascencio,GTXPro,Sunnamplex,Won,2017-01-03,2017-03-18,4374.0
A3GVFKYP,Zane Levy,GTXPro,Dalttechnology,Won,2017-03-13,2017-06-27,5113.0
ZY3AVAK0,Zane Levy,MG Special,Y-corporation,Lost,2017-07-03,2017-08-22,0.0
34YT99YN,Vicki Laflamme,GTX Plus Pro,Dalttechnology,Won,2017-06-10,2017-08-23,6094.0
YKMHSGNU,Hayden Neloms,MG Advanced,Y-corporation,Lost,2017-08-14,2017-11-29,0.0
EC4QE1BX,Darcel Schlecht,MG Special,Cancity,Won,2016-10-25,2017-03-07,50.0
T0SO96YG,Reed Clapper,GTX Basic,Mathtouch,Lost,2017-07-22,2017-07-30,0.0
14V0RQBV,Darcel Schlecht,GTXPro,Toughzap,Lost,2017-05-19,2017-08-27,0.0
88KUDE6J,Donn Cantrell,GTX Plus Pro,Acme Corporation,Won,2017-02-04,2017-05-30,5366.0
PJ21R88K,Markita Hansen,MG Special,Green-Plus,Won,2017-08-18,2017-11-04,63.0
H6TY7RBJ,Jonathan Berthelot,GTX Plus Basic,Funholding,Lost,2017-06-06,2017-08-28,0.0
ZA6CBQAL,Donn Cantrell,GTXPro,Zotware,Won,2017-06-04,2017-06-20,4308.0
UTZDDOU7,Versie Hillebrand,MG Special,Conecom,Lost,2017-04-03,2017-04-14,0.0
SPTF1MZ4,Versie Hillebrand,MG Special,,Prospecting,,,
QO6CI3P4,Violet Mclelland,MG Special,Gekko & Co,Won,2017-04-05,2017-04-07,45.0
3UOIHNKR,James Ascencio,GTX Plus Pro,Plusstrip,Won,2017-08-15,2017-09-03,5533.0
DMYP7REE,Marty Freudenburg,GTX Plus Basic,Funholding,Lost,2017-10-23,2017-11-19,0.0
FE2AE2YO,Reed Clapper,GTXPro,Umbrella Corporation,Lost,2017-06-06,2017-06-11,0.0
OYH46MQB,Corliss Cosme,GTX Basic,,Engaging,2017-10-25,,
31C5DVJT,Kary Hendrixson,MG Special,Cheers,Won,2017-06-11,2017-09-22,44.0
C4FEG98K,Darcel Schlecht,GTX Basic,Inity,Won,2017-06-01,2017-06-14,565.0
1ZCOKNNI,Zane Levy,GTXPro,Sonron,Won,2017-01-25,2017-05-14,5743.0
I3IRJZRL,Niesha Huffines,GTX Basic,,Engaging,2017-07-27,,
FWTNRN0L,Hayden Neloms,GTX Plus Pro,Labdrill,Won,2017-04-30,2017-08-12,5408.0
ZWA2ES4F,Cassey Cress,MG Special,Opentech,Won,2017-07-07,2017-09-07,48.0
LDQITW5C,Lajuana Vencill,MG Advanced,Acme Corporation,Engaging,2017-08-03,,
AAYV8GV4,Anna Snelling,MG Advanced,Inity,Lost,2017-01-23,2017-05-05,0.0
NDJBDONI,Lajuana Vencill,MG Advanced,,Prospecting,,,
I995O4XJ,Rosalina Dieter,MG Special,Groovestreet,Won,2017-02-08,2017-05-24,63.0
669805IQ,Gladys Colclough,MG Advanced,Treequote,Won,2017-08-21,2017-12-06,3436.0
GKJLM1UR,Maureen Marcano,GTX Plus Basic,Fasehatice,Won,2017-03-03,2017-03-13,1057.0
J03H7OQF,Darcel Schlecht,MG Special,Betatech,Won,2017-07-08,2017-07-16,54.0
FENOSL5C,Vicki Laflamme,GTX Plus Pro,Condax,Won,2017-05-24,2017-08-17,6206.0
YCKKT5ME,Versie Hillebrand,MG Special,Ron-tech,Lost,2017-05-08,2017-08-19,0.0
KV9LW061,Anna Snelling,MG Advanced,Codehow,Won,2017-03-24,2017-04-04,3445.0
EN8JHUXA,Moses Frase,GTX Basic,,Engaging,2017-07-27,,
SDS8SAZC,Rosalina Dieter,GTXPro,Hatfan,Won,2017-04-11,2017-06-17,4760.0
2PI827MA,Kary Hendrixson,GTXPro,,Engaging,2017-05-25,,
3FWZBSW1,Versie Hillebrand,MG Special,Cancity,Engaging,2017-08-01,,
0QHI3KG5,Reed Clapper,MG Advanced,Xx-zobam,Won,2017-02-25,2017-06-10,3075.0
6C1DLYBH,Niesha Huffines,MG Special,Ron-tech,Lost,2017-05-09,2017-08-22,0.0
0T9KUEQ2,Cassey Cress,GTX Plus Pro,,Engaging,2017-07-11,,
ZVXINY4O,Donn Cantrell,GTXPro,Zotware,Lost,2017-08-24,2017-11-28,0.0
GWRPJWRO,Donn Cantrell,GTXPro,Bioplex,Lost,2017-04-08,2017-04-16,0.0
T7RA32XV,Markita Hansen,MG Special,Singletechno,Lost,2017-06-29,2017-07-06,0.0
KRWKDPWW,Darcel Schlecht,GTX Plus Basic,,Engaging,2017-07-20,,
1CT3EWJ8,Markita Hansen,GTX Basic,Goodsilron,Won,2017-10-19,2017-10-21,553.0
RABLXW5E,Kami Bicknell,MG Special,Hatfan,Won,2017-07-03,2017-09-02,56.0
6ID18IJX,Zane Levy,GTX Plus Basic,Newex,Won,2017-05-11,2017-08-17,776.0
5ITSLO0E,Anna Snelling,GTX Plus Basic,Treequote,Won,2017-02-21,2017-03-04,999.0
VO8WTDHE,Markita Hansen,GTX Basic,Hatfan,Lost,2017-05-23,2017-05-26,0.0
VTT447YT,Cecily Lampkin,GTX Basic,Conecom,Won,2017-02-27,2017-05-03,497.0
F57Z7KJF,Lajuana Vencill,MG Advanced,Stanredtax,Won,2017-06-16,2017-06-24,3228.0
8GE7FY98,Violet Mclelland,GTXPro,,Engaging,2017-03-22,,
TYQFCQBN,Rosie Papadopoulos,GTXPro,Donware,Won,2017-11-17,2017-11-26,4620.0
6G6ZCKSB,Vicki Laflamme,GTXPro,,Engaging,2017-04-16,,
99AAJPQN,Anna Snelling,MG Special,Condax,Won,2017-03-31,2017-06-15,58.0
W8W6N0LL,Markita Hansen,GTXPro,Kan-code,Lost,2017-07-23,2017-11-07,0.0
Q7RV0YW6,Kary Hendrixson,GTX Plus Basic,Green-Plus,Lost,2017-07-04,2017-07-10,0.0
ZILYYA1V,Vicki Laflamme,MG Special,Goodsilron,Won,2017-03-11,2017-03-30,45.0
M5E8U8HP,Rosie Papadopoulos,MG Advanced,Xx-zobam,Won,2017-03-28,2017-05-29,3395.0
AL554AUI,Donn Cantrell,GTX Basic,Xx-zobam,Won,2017-02-25,2017-05-26,640.0
OPCLCCQH,Kami Bicknell,GTX Plus Basic,Konex,Engaging,2017-03-16,,
2HPCHBIL,Corliss Cosme,GTX Plus Pro,Bluth Company,Lost,2017-07-05,2017-07-14,0.0
FNXCNUR1,Kami Bicknell,GTX Plus Basic,Blackzim,Lost,2017-08-07,2017-11-24,0.0
RTQVKK41,Vicki Laflamme,GTXPro,Scotfind,Lost,2017-05-27,2017-08-17,0.0
4RPUMZ9M,Kary Hendrixson,GTXPro,Y-corporation,Lost,2017-04-13,2017-04-21,0.0
K8DHOJWM,Versie Hillebrand,GTX Plus Pro,Genco Pura Olive Oil Company,Won,2017-04-20,2017-04-27,4878.0
T50TV9SO,Zane Levy,GTX Basic,,Engaging,2017-07-26,,
LXS3Z82E,Niesha Huffines,MG Advanced,,Engaging,2017-07-23,,
AAR79NOO,Versie Hillebrand,MG Special,Codehow,Won,2016-11-22,2017-03-11,51.0
2MKG6ZDD,James Ascencio,GTX Basic,Domzoom,Engaging,2017-06-20,,
UOUG01WG,Versie Hillebrand,MG Special,Betatech,Won,2017-05-14,2017-05-16,68.0
5LJ47CVS,James Ascencio,GTX Basic,Sonron,Lost,2017-03-18,2017-06-22,0.0
WAFSPTW6,Vicki Laflamme,GTX Basic,Lexiqvolax,Won,2017-07-03,2017-07-14,491.0
LZWH2OGW,Gladys Colclough,MG Advanced,Funholding,Lost,2017-07-30,2017-08-06,0.0
RDFUGEA2,James Ascencio,GTX Basic,Hottechi,Won,2017-07-27,2017-09-15,586.0
CEEJ2EN5,Violet Mclelland,GTX Plus Basic,,Engaging,2017-04-25,,
HG07LMHI,Jonathan Berthelot,GTXPro,Treequote,Won,2017-01-05,2017-03-19,4716.0
RZRRMWTH,Daniell Hammack,MG Advanced,The New York Inquirer,Lost,2017-04-14,2017-04-20,0.0
GY10EROJ,Jonathan Berthelot,GTX Basic,Cheers,Engaging,2017-07-20,,
Q5R1PYJS,Darcel Schlecht,GTXPro,Bioholding,Lost,2017-06-20,2017-09-11,0.0
YWKFH7VT,Cassey Cress,GTX Basic,Mathtouch,Lost,2017-06-26,2017-09-27,0.0
9KN4MG14,Anna Snelling,GTX Plus Pro,Gogozoom,Lost,2017-05-14,2017-08-25,0.0
7RFTN4WI,Rosie Papadopoulos,GTX Plus Basic,Umbrella Corporation,Lost,2017-10-18,2017-10-25,0.0
NOBIC0PD,Cassey Cress,GTXPro,Kan-code,Won,2017-06-12,2017-08-17,4294.0
I33TECO1,Kami Bicknell,GTXPro,Hottechi,Lost,2017-11-13,2017-11-30,0.0
ABT1TDH1,Moses Frase,GTX Basic,,Engaging,2017-07-30,,
2BD1SDBX,Jonathan Berthelot,GTX Basic,Vehement Capital Partners,Prospecting,,,
TTKPNDTP,Versie Hillebrand,MG Advanced,,Engaging,2017-07-22,,
LJIAOC0Q,Violet Mclelland,MG Special,Bioplex,Won,2017-03-19,2017-06-04,52.0
Z0RLNFVY,Boris Faz,GTX Plus Basic,,Engaging,2017-03-16,,
S2GG93I6,Kami Bicknell,GTXPro,Faxquote,Lost,2017-05-17,2017-08-22,0.0
TX9VFL4J,Reed Clapper,GTX Plus Basic,Silis,Won,2017-05-27,2017-08-23,1019.0
6OXOIJ4D,Wilburn Farren,MG Advanced,Condax,Won,2017-10-19,2017-12-16,3089.0
MELHF0ZP,Anna Snelling,GTX Plus Pro,Rundofase,Won,2017-06-02,2017-09-17,5373.0
MA56XGWR,Daniell Hammack,GTX Basic,Iselectrics,Engaging,2017-11-05,,
GFV4W89I,Rosalina Dieter,GTXPro,Scotfind,Won,2017-01-30,2017-06-13,4933.0
C54CWZIT,Jonathan Berthelot,GTX Basic,Zencorporation,Prospecting,,,
3ZILMRQK,Donn Cantrell,GTX Plus Pro,Kinnamplus,Lost,2017-03-26,2017-05-28,0.0
EFB0NFP3,Jonathan Berthelot,GTX Basic,Genco Pura Olive Oil Company,Won,2017-08-30,2017-12-23,551.0
LZLXBQ0I,Lajuana Vencill,GTX Plus Basic,Betatech,Lost,2017-05-04,2017-08-20,0.0
125VIRMX,Elease Gluck,GTK 500,Warephase,Engaging,2016-12-19,,
9UO306XU,Darcel Schlecht,GTXPro,Conecom,Won,2017-07-21,2017-07-26,5347.0
2OQB2KPY,Maureen Marcano,GTX Plus Basic,Finjob,Lost,2017-04-18,2017-04-22,0.0
693K7IAT,Boris Faz,GTX Basic,Funholding,Engaging,2017-08-07,,
HTF7TYQS,Daniell Hammack,GTXPro,,Engaging,2017-06-27,,
43NBMRFY,Kami Bicknell,GTX Plus Basic,Scotfind,Won,2017-05-21,2017-08-18,1198.0
PE3CL3ME,Violet Mclelland,MG Special,Kinnamplus,Lost,2017-04-28,2017-06-10,0.0
U8H8VGI0,James Ascencio,GTXPro,Lexiqvolax,Lost,2017-08-02,2017-11-02,0.0
D1UDLFVY,Cecily Lampkin,GTX Basic,Funholding,Lost,2017-04-09,2017-04-10,0.0
847RHYQE,Gladys Colclough,GTXPro,,Prospecting,,,
H2HNTSIP,Jonathan Berthelot,MG Advanced,Hottechi,Won,2017-07-03,2017-07-05,3101.0
HUNM56HY,Hayden Neloms,MG Advanced,Sunnamplex,Won,2017-07-12,2017-07-23,3741.0
P7H8UY1P,Rosalina Dieter,MG Special,Dalttechnology,Lost,2017-07-11,2017-09-21,0.0
ZO4FDMPS,Marty Freudenburg,GTXPro,Rangreen,Lost,2017-11-04,2017-11-05,0.0
H8CLNRM2,Maureen Marcano,GTXPro,Konex,Won,2017-03-27,2017-05-26,5006.0
09AILR04,Darcel Schlecht,GTXPro,Statholdings,Won,2017-10-21,2017-10-29,4732.0
EG7OFLFR,Kami Bicknell,GTX Basic,,Engaging,2016-11-14,,
NEFPSWOJ,Markita Hansen,GTX Plus Basic,Toughzap,Engaging,2017-06-16,,
9KV5GM4U,Vicki Laflamme,GTX Basic,Sonron,Won,2017-11-02,2017-11-06,430.0
ZXIHEEV2,Vicki Laflamme,GTX Basic,Doncon,Lost,2017-10-18,2017-12-31,0.0
DXF00KY4,Darcel Schlecht,MG Advanced,Isdom,Lost,2017-06-18,2017-08-15,0.0
APIB681L,Darcel Schlecht,GTX Basic,,Engaging,2017-07-25,,
484WREJQ,Reed Clapper,GTX Plus Basic,Zencorporation,Won,2017-08-15,2017-09-03,1024.0
XS7B6QT7,Lajuana Vencill,MG Special,,Prospecting,,,
H2MC2E7K,Vicki Laflamme,GTX Plus Basic,Condax,Engaging,2017-02-02,,
PGK5K24U,Donn Cantrell,GTXPro,Plussunin,Won,2017-06-08,2017-08-28,4780.0
RX56S6G3,Vicki Laflamme,MG Advanced,Fasehatice,Won,2016-12-28,2017-03-13,3803.0
S519S1EK,Donn Cantrell,GTX Basic,Plussunin,Won,2017-02-25,2017-06-02,568.0
47P0HBNM,Anna Snelling,MG Special,Plussunin,Prospecting,,,
TYSORYA9,Donn Cantrell,GTX Basic,Donquadtech,Lost,2017-02-11,2017-05-07,0.0
94TA0AWF,Marty Freudenburg,GTX Plus Pro,Scottech,Won,2017-06-26,2017-08-26,5217.0
PRMMZX9O,Zane Levy,GTX Plus Basic,Newex,Won,2017-03-17,2017-06-02,999.0
GHB3UIDV,Corliss Cosme,GTX Basic,Zotware,Won,2017-07-24,2017-07-26,458.0
Z1NWKS9A,Vicki Laflamme,MG Special,Finjob,Lost,2017-06-29,2017-07-05,0.0
2DOJKFNW,Niesha Huffines,MG Advanced,dambase,Lost,2017-04-11,2017-04-12,0.0
NR2EDMKC,Cecily Lampkin,MG Advanced,,Prospecting,,,
YQJGEI71,James Ascencio,GTX Plus Pro,,Engaging,2017-10-19,,
714B6OB2,Markita Hansen,GTX Plus Pro,Fasehatice,Lost,2017-08-13,2017-11-18,0.0
6M89XBL0,Hayden Neloms,GTX Plus Pro,Scotfind,Won,2017-06-14,2017-09-11,5053.0
P3QQIMTA,Anna Snelling,GTX Basic,Rundofase,Lost,2017-07-16,2017-07-24,0.0
9D06AK8T,Markita Hansen,GTX Plus Basic,Kan-code,Won,2017-06-11,2017-08-10,1045.0
WPSHVGDZ,Vicki Laflamme,MG Advanced,Hottechi,Lost,2017-10-18,2017-10-24,0.0
FZC2J90W,Maureen Marcano,MG Advanced,Bluth Company,Engaging,2017-02-26,,
IUM2FVA1,Versie Hillebrand,MG Advanced,,Prospecting,,,
P1KS5YFX,Anna Snelling,MG Special,Rundofase,Won,2017-02-12,2017-06-07,59.0
R2CS85YJ,Kary Hendrixson,GTX Basic,Groovestreet,Lost,2017-04-11,2017-04-13,0.0
INBSL1I4,Corliss Cosme,GTX Plus Basic,Plussunin,Won,2017-05-13,2017-08-20,866.0
E3WWC6FJ,Violet Mclelland,MG Special,Yearin,Won,2017-03-25,2017-04-02,68.0
YDZZNTEZ,Garret Kinder,MG Advanced,Opentech,Won,2017-10-19,2017-11-01,3422.0
2ZEFCKS3,Niesha Huffines,GTXPro,Rundofase,Won,2017-04-23,2017-09-01,4835.0
O1DTVNH2,Gladys Colclough,MG Special,Hottechi,Lost,2017-10-19,2017-10-20,0.0
NXXKM7C7,Daniell Hammack,GTX Plus Basic,Cancity,Engaging,2017-11-14,,
LPKT07PV,Boris Faz,GTXPro,Opentech,Won,2016-11-20,2017-03-23,4704.0
UZ7DU3D9,Gladys Colclough,GTX Plus Pro,,Prospecting,,,
8IGYTN3H,Reed Clapper,MG Special,Yearin,Won,2017-07-10,2017-07-17,54.0
P60EK5NN,Moses Frase,MG Advanced,Zumgoity,Won,2017-06-22,2017-09-21,2739.0
UU25XD9E,Zane Levy,GTXPro,Hatfan,Engaging,2017-05-08,,
0ZHLQFGU,Kami Bicknell,GTXPro,Blackzim,Won,2016-12-10,2017-03-22,4839.0
NNREN4Q5,Kami Bicknell,GTX Basic,Groovestreet,Won,2017-11-09,2017-11-21,437.0
BTNSR87A,Jonathan Berthelot,GTX Plus Basic,Isdom,Won,2017-06-18,2017-07-01,1149.0
SMU4542Q,Cecily Lampkin,GTX Plus Basic,Hottechi,Lost,2017-06-04,2017-08-16,0.0
7NJS374V,Elease Gluck,MG Special,Groovestreet,Won,2017-10-27,2017-11-10,46.0
QPMZ5RG0,Moses Frase,MG Special,Streethex,Won,2017-05-31,2017-08-27,53.0
HDITQL1S,Marty Freudenburg,MG Advanced,Treequote,Won,2017-05-21,2017-09-05,2785.0
H5SSSZ11,Vicki Laflamme,MG Advanced,Condax,Lost,2017-08-17,2017-08-18,0.0
Z6VQW8TB,Versie Hillebrand,GTX Basic,,Prospecting,,,
8GV0BQTU,Kary Hendrixson,MG Advanced,Xx-holding,Engaging,2017-05-17,,
3Y1LN6CQ,Reed Clapper,MG Special,Gekko & Co,Won,2017-10-18,2017-10-19,54.0
OJMME9V9,Boris Faz,GTX Plus Pro,Konex,Won,2017-05-03,2017-08-25,5747.0
98MASV7P,Reed Clapper,GTXPro,Xx-zobam,Won,2017-06-02,2017-08-12,4933.0
4EGO7VCJ,Kami Bicknell,GTXPro,,Engaging,2017-07-02,,
58CABL04,Corliss Cosme,GTX Plus Pro,Silis,Won,2017-08-18,2017-11-04,6372.0
8OBC9CQE,Kami Bicknell,MG Advanced,Singletechno,Won,2017-03-11,2017-03-26,3254.0
FN1QX0BQ,Violet Mclelland,MG Special,,Engaging,2017-04-11,,
2O1IK8VR,Versie Hillebrand,MG Advanced,Warephase,Won,2017-06-07,2017-06-17,3662.0
P5C842B5,Kami Bicknell,GTX Plus Pro,,Engaging,2017-10-28,,
TK9T01QM,Reed Clapper,GTXPro,Acme Corporation,Lost,2017-01-25,2017-05-07,0.0
HT17GEXI,Reed Clapper,GTX Basic,Xx-zobam,Won,2017-08-09,2017-12-13,517.0
O9MGYBG4,Rosie Papadopoulos,GTX Plus Basic,Silis,Won,2017-08-03,2017-12-02,965.0
610D6711,Cassey Cress,MG Advanced,Silis,Won,2017-07-22,2017-11-23,2986.0
5OVTFUNQ,Darcel Schlecht,GTXPro,Cancity,Lost,2017-03-27,2017-04-05,0.0
57689GK9,Cecily Lampkin,MG Advanced,Finhigh,Won,2017-03-10,2017-03-20,3587.0
MI3MV7PU,Marty Freudenburg,MG Advanced,Acme Corporation,Prospecting,,,
X3ZSQCH8,Kami Bicknell,GTX Basic,Scotfind,Engaging,2017-02-10,,
N0ONCYVZ,Donn Cantrell,MG Special,Kinnamplus,Lost,2016-11-23,2017-03-30,0.0
BK85705L,Vicki Laflamme,GTX Basic,Labdrill,Won,2017-04-08,2017-06-10,595.0
8O98HGMW,Moses Frase,MG Advanced,,Prospecting,,,
NDGQ0H91,Cassey Cress,MG Advanced,Sumace,Won,2017-06-10,2017-06-28,2871.0
G7H64S20,Anna Snelling,MG Advanced,,Engaging,2017-07-23,,
XFFFWJQH,Violet Mclelland,MG Special,Gekko & Co,Lost,2017-06-14,2017-08-20,0.0
CG4TWLUR,Corliss Cosme,GTX Plus Basic,Bubba Gump,Won,2017-03-08,2017-06-02,857.0
LE3XYXEF,Reed Clapper,GTX Plus Basic,Ganjaflex,Lost,2017-12-12,2017-12-25,0.0
HHWZEWDV,Lajuana Vencill,GTX Plus Basic,,Engaging,2017-07-31,,
ARBTXSEH,Jonathan Berthelot,GTX Plus Basic,Globex Corporation,Prospecting,,,
YH2NHVXC,Elease Gluck,MG Advanced,Blackzim,Lost,2017-05-31,2017-08-26,0.0
2PQORQGO,Boris Faz,GTX Plus Pro,Zencorporation,Won,2017-05-29,2017-09-13,5714.0
8O3IYWSM,Jonathan Berthelot,GTX Basic,Globex Corporation,Won,2017-01-12,2017-05-17,513.0
RX95UPUC,Cassey Cress,GTX Plus Basic,Xx-zobam,Lost,2017-04-06,2017-05-30,0.0
07FRJ44N,Gladys Colclough,GTX Plus Pro,Cancity,Lost,2017-06-25,2017-07-03,0.0
SWPTTVQZ,Marty Freudenburg,GTX Plus Basic,Funholding,Won,2017-03-03,2017-03-16,1062.0
MV227O65,Maureen Marcano,GTX Plus Pro,Sonron,Engaging,2017-05-11,,
1LI7ETNZ,James Ascencio,GTX Plus Basic,Doncon,Won,2017-01-03,2017-03-06,990.0
SQ63LXS8,Darcel Schlecht,MG Advanced,Codehow,Lost,2017-10-29,2017-11-04,0.0
YSNODM63,Cecily Lampkin,GTX Plus Pro,Streethex,Lost,2017-06-20,2017-06-27,0.0
904203D6,Moses Frase,MG Special,Dontechi,Won,2017-01-18,2017-03-29,59.0
ZWVRS27V,Jonathan Berthelot,MG Special,Rundofase,Lost,2017-07-15,2017-11-04,0.0
LSJ2A8ZX,Markita Hansen,GTK 500,Cheers,Won,2017-06-11,2017-09-26,29166.0
5WVY52IX,Jonathan Berthelot,MG Special,Statholdings,Won,2017-08-15,2017-11-12,57.0
CEGQ4V9F,James Ascencio,GTX Plus Basic,Konex,Lost,2017-05-16,2017-05-20,0.0
3C5GNT3Q,Vicki Laflamme,MG Special,,Engaging,2017-06-16,,
TCSQO748,Vicki Laflamme,GTXPro,Cheers,Lost,2017-03-04,2017-05-11,0.0
45A57X68,Darcel Schlecht,GTX Plus Pro,Ron-tech,Won,2016-12-04,2017-03-12,5522.0
5B4H3E7V,Vicki Laflamme,MG Special,Konex,Lost,2017-07-31,2017-08-05,0.0
OJ1WKIVY,Wilburn Farren,GTX Basic,Zencorporation,Won,2017-06-15,2017-08-29,514.0
DMSQ0TSG,Cecily Lampkin,MG Advanced,Isdom,Won,2017-07-16,2017-08-12,3146.0
5J9CMGDV,Elease Gluck,MG Special,Rantouch,Won,2016-11-07,2017-03-08,46.0
7GWM1WT0,Moses Frase,GTX Basic,Hottechi,Won,2017-10-25,2017-12-30,537.0
SNGS64S7,Darcel Schlecht,GTXPro,Statholdings,Lost,2017-06-29,2017-07-06,0.0
DVAOMCYK,Darcel Schlecht,GTX Plus Basic,Dontechi,Won,2017-08-17,2017-11-19,1029.0
3DKK3JF3,Reed Clapper,GTX Basic,Acme Corporation,Lost,2017-03-06,2017-05-29,0.0
OIO2H2MY,Boris Faz,GTX Plus Pro,,Engaging,2017-05-01,,
6QF3D2RI,Garret Kinder,GTX Basic,Massive Dynamic,Lost,2017-02-19,2017-05-05,0.0
DLVEVD9O,Reed Clapper,GTX Plus Pro,Yearin,Lost,2017-07-15,2017-07-27,0.0
79DYTU8Y,Moses Frase,MG Special,Streethex,Won,2017-04-21,2017-05-06,60.0
AZZEZKBN,Anna Snelling,GTX Plus Pro,Condax,Lost,2017-05-01,2017-05-18,0.0
H85L45JM,Anna Snelling,MG Special,,Engaging,2017-08-01,,
XBLA9VO6,James Ascencio,GTX Plus Basic,Sonron,Won,2017-04-07,2017-05-18,1103.0
2AGA3ALY,Hayden Neloms,MG Advanced,Konex,Won,2017-11-16,2017-11-20,3664.0
MEZLJGRB,James Ascencio,GTX Basic,Fasehatice,Lost,2017-02-15,2017-05-20,0.0
4ETZYSN3,Reed Clapper,MG Advanced,Donquadtech,Won,2017-10-27,2017-11-05,3258.0
C9330YF1,Markita Hansen,GTX Basic,Blackzim,Engaging,2017-04-17,,
8FGW6RSX,Elease Gluck,MG Special,,Engaging,2017-08-14,,
RYLBEZ4N,Violet Mclelland,MG Special,Gekko & Co,Won,2017-12-08,2017-12-18,48.0
LPGOTIM2,Boris Faz,MG Special,Silis,Won,2017-04-20,2017-06-16,55.0
48AJ0X9E,Gladys Colclough,GTXPro,Toughzap,Won,2017-02-22,2017-06-15,4498.0
N9ZXCBTU,Daniell Hammack,GTX Plus Basic,Konex,Won,2017-06-16,2017-06-25,985.0
QKKZQJ46,Violet Mclelland,MG Special,Zencorporation,Won,2017-03-25,2017-06-16,52.0
X33HL9WS,Daniell Hammack,GTX Plus Basic,,Engaging,2017-07-28,,
MTBQF6FE,Anna Snelling,MG Special,Globex Corporation,Won,2017-08-15,2017-11-05,57.0
S0N7BYU3,Maureen Marcano,GTX Plus Basic,Singletechno,Won,2016-12-04,2017-03-08,1070.0
GVZMMURY,Zane Levy,GTXPro,Hatfan,Lost,2017-08-11,2017-11-29,0.0
1DZNTUSA,Kami Bicknell,GTXPro,Lexiqvolax,Lost,2017-05-12,2017-05-20,0.0
7XRWWM0X,Kami Bicknell,MG Special,Scotfind,Engaging,2017-11-15,,
R034IT17,Rosie Papadopoulos,MG Special,Bubba Gump,Won,2017-05-10,2017-05-12,54.0
3NJHQZT6,Darcel Schlecht,MG Special,Streethex,Lost,2017-07-10,2017-07-17,0.0
IMLB4653,Boris Faz,GTX Plus Basic,Gekko & Co,Won,2017-08-03,2017-08-22,938.0
UO6R0X7G,Elease Gluck,MG Special,Goodsilron,Lost,2017-04-23,2017-05-04,0.0
DFSFEADV,Lajuana Vencill,GTX Basic,,Engaging,2017-08-13,,
MA9SBSLE,Cecily Lampkin,MG Special,Dontechi,Lost,2017-07-25,2017-07-27,0.0
S5E8MBO3,Markita Hansen,GTX Basic,Plexzap,Lost,2017-07-04,2017-09-19,0.0
I0CYLPNE,James Ascencio,GTXPro,Konex,Won,2017-03-11,2017-05-22,4125.0
SKY95DVG,Anna Snelling,MG Special,Betatech,Lost,2016-12-09,2017-03-22,0.0
A2PTJA6G,Reed Clapper,MG Advanced,Plussunin,Won,2017-11-29,2017-12-08,3494.0
J6OQS0AU,Hayden Neloms,MG Advanced,,Engaging,2017-03-26,,
KPW4J1CR,Zane Levy,GTX Basic,Dalttechnology,Won,2017-08-30,2017-12-21,503.0
P9SDPJJO,Kary Hendrixson,GTX Basic,Green-Plus,Won,2017-04-05,2017-04-06,450.0
YT2QLCVS,Hayden Neloms,MG Advanced,Groovestreet,Won,2017-06-14,2017-06-28,3539.0
5DOARVYO,Lajuana Vencill,MG Special,Genco Pura Olive Oil Company,Lost,2017-08-30,2017-09-10,0.0
CZ8PPZTC,Rosie Papadopoulos,MG Special,Bioplex,Engaging,2017-03-05,,
HI2E8TBI,Versie Hillebrand,GTX Plus Pro,dambase,Won,2017-05-08,2017-05-16,5338.0
U1BDEL90,Corliss Cosme,MG Advanced,Betasoloin,Won,2017-04-03,2017-04-10,2794.0
BHV4K3VV,Kary Hendrixson,GTX Basic,Y-corporation,Won,2017-05-15,2017-05-25,549.0
PCQUKUM5,Marty Freudenburg,GTX Plus Pro,Dontechi,Won,2017-08-31,2017-09-16,4809.0
LDK61ORQ,Hayden Neloms,MG Special,Xx-zobam,Engaging,2017-07-19,,
LJEAX51Q,Darcel Schlecht,MG Special,Streethex,Won,2017-11-12,2017-12-21,49.0
HJRM13DI,Marty Freudenburg,MG Special,Treequote,Engaging,2017-07-25,,
537X47QY,Darcel Schlecht,GTXPro,,Prospecting,,,
2HU8CPJ3,Vicki Laflamme,MG Advanced,Labdrill,Won,2017-07-30,2017-11-13,3464.0
5DEO8EDS,Vicki Laflamme,GTX Basic,Rantouch,Won,2017-01-10,2017-03-20,581.0
UXNB9OIB,Daniell Hammack,GTXPro,Konex,Won,2017-04-27,2017-04-28,5676.0
7B3J333S,Gladys Colclough,GTXPro,Zumgoity,Won,2017-02-27,2017-06-22,4458.0
3BQTRX5Y,Kami Bicknell,GTXPro,Faxquote,Lost,2017-04-03,2017-05-26,0.0
9KTHISLX,James Ascencio,MG Advanced,Lexiqvolax,Lost,2017-05-29,2017-08-18,0.0
ZA2MIHIM,Hayden Neloms,GTX Plus Pro,Green-Plus,Won,2017-08-18,2017-08-20,6529.0
NCF02FA5,Elease Gluck,GTX Plus Basic,Zoomit,Won,2017-12-01,2017-12-15,953.0
KTSP63I0,Marty Freudenburg,MG Advanced,,Prospecting,,,
1W5FOS69,Cassey Cress,GTXPro,Mathtouch,Won,2017-08-31,2017-11-30,4201.0
DDQ0MDYY,Zane Levy,GTXPro,Green-Plus,Won,2017-10-29,2017-10-31,4178.0
P91SQBST,Anna Snelling,MG Special,Dalttechnology,Engaging,2017-07-25,,
QG7RGODO,Kami Bicknell,GTXPro,Plexzap,Lost,2017-10-18,2017-10-26,0.0
AE3YDLK3,Jonathan Berthelot,GTX Basic,Xx-zobam,Prospecting,,,
5CAP1055,Kary Hendrixson,GTX Plus Pro,Kan-code,Engaging,2017-08-13,,
902REDPA,Daniell Hammack,GTXPro,Xx-zobam,Lost,2016-11-07,2017-03-09,0.0
BMQYRJC7,Anna Snelling,GTX Plus Pro,Codehow,Won,2017-10-21,2017-12-16,5543.0
G4F8W039,Anna Snelling,GTX Plus Pro,Rundofase,Won,2016-12-29,2017-03-27,5459.0
BTT2TM8O,Gladys Colclough,MG Advanced,Warephase,Won,2017-09-01,2017-11-06,3447.0
BFGASJAW,Kary Hendrixson,GTX Basic,,Engaging,2017-03-10,,
FN50OJHN,Niesha Huffines,GTX Plus Basic,Betatech,Won,2017-07-07,2017-07-11,1088.0
CEWDZ3ZD,Kary Hendrixson,MG Special,Scotfind,Won,2017-07-26,2017-08-10,53.0
8I5ONXJX,Versie Hillebrand,MG Advanced,,Prospecting,,,
QRWC159J,Boris Faz,MG Advanced,Sumace,Lost,2017-08-07,2017-12-08,0.0
6NZROTHF,James Ascencio,GTX Plus Pro,Rantouch,Lost,2017-04-11,2017-06-10,0.0
JSZZN48S,James Ascencio,GTX Plus Pro,,Engaging,2017-02-28,,
Q65B52C5,Niesha Huffines,GTX Basic,Kan-code,Engaging,2017-07-31,,
OPEICJES,Anna Snelling,MG Special,Konmatfix,Won,2017-05-04,2017-06-09,52.0
I1IAVDQM,Gladys Colclough,MG Advanced,Hottechi,Lost,2017-03-01,2017-05-23,0.0
XN7EV14M,Cecily Lampkin,GTX Basic,Konmatfix,Won,2017-03-18,2017-05-09,538.0
UA8AWDG4,Vicki Laflamme,MG Advanced,Y-corporation,Won,2017-01-01,2017-03-22,3672.0
K6TJSGUB,Marty Freudenburg,GTX Plus Basic,Warephase,Won,2017-11-08,2017-11-17,985.0
4T31MWVO,Anna Snelling,MG Advanced,Stanredtax,Won,2016-12-29,2017-03-23,4148.0
JA0D4V57,James Ascencio,MG Advanced,Y-corporation,Won,2017-03-04,2017-05-09,3685.0
102XKYAC,Cassey Cress,GTXPro,Zotware,Engaging,2017-09-01,,
CBPVAIQ7,Boris Faz,GTX Basic,Opentech,Lost,2017-07-25,2017-08-03,0.0
7ODLTF4W,Elease Gluck,GTX Basic,J-Texon,Won,2017-04-14,2017-04-16,597.0
4R1NMA9E,Markita Hansen,GTX Basic,Singletechno,Lost,2017-03-08,2017-05-17,0.0
E66UG7VC,Maureen Marcano,MG Special,Y-corporation,Won,2017-12-10,2017-12-25,55.0
6CKXLPAR,Versie Hillebrand,MG Special,Hottechi,Won,2017-04-19,2017-06-27,58.0
5AI9WG6M,Kary Hendrixson,GTX Plus Pro,Y-corporation,Lost,2017-04-17,2017-04-25,0.0
G4MKT3AE,Rosie Papadopoulos,MG Special,The New York Inquirer,Lost,2017-02-14,2017-05-07,0.0
YTMPHIQY,Violet Mclelland,MG Advanced,Ganjaflex,Lost,2017-08-25,2017-08-30,0.0
JSD4APT2,Versie Hillebrand,MG Special,Bioholding,Won,2016-11-10,2017-03-12,61.0
DCIFTBM0,Boris Faz,GTX Basic,Condax,Won,2017-08-28,2017-12-21,489.0
MBLFZPU2,Jonathan Berthelot,GTX Basic,Warephase,Lost,2017-07-08,2017-09-12,0.0
4Q4NBPD6,Marty Freudenburg,GTX Basic,Ron-tech,Won,2017-02-03,2017-05-21,538.0
FU00L2Y2,Daniell Hammack,GTXPro,Ontomedia,Won,2017-06-12,2017-09-23,4506.0
0PGJNCD7,Anna Snelling,GTX Basic,dambase,Won,2017-04-16,2017-06-23,626.0
FROU0UKW,Darcel Schlecht,GTX Plus Pro,Globex Corporation,Won,2017-06-17,2017-08-25,5614.0
8AJG1YLJ,Kary Hendrixson,GTX Basic,,Engaging,2017-02-11,,
S2UWELRW,Donn Cantrell,GTX Basic,Mathtouch,Won,2017-03-02,2017-06-11,487.0
CQDL6WZX,Darcel Schlecht,GTXPro,Isdom,Lost,2017-09-01,2017-09-17,0.0
823X29EZ,Donn Cantrell,GTXPro,Plussunin,Lost,2017-12-08,2017-12-22,0.0
UZ83LE9X,Vicki Laflamme,GTX Plus Pro,Xx-holding,Lost,2017-11-01,2017-11-10,0.0
1XHLB0Q5,Boris Faz,GTX Plus Basic,Massive Dynamic,Lost,2017-03-05,2017-05-09,0.0
99HAV7SY,Cecily Lampkin,GTX Plus Pro,Hottechi,Lost,2017-10-26,2017-11-24,0.0
CQELCLO0,Donn Cantrell,GTX Plus Basic,Zathunicon,Won,2017-08-30,2017-12-29,1166.0
T1HIH384,Gladys Colclough,GTX Plus Pro,Inity,Won,2017-02-28,2017-05-15,5331.0
FVCL72VU,Anna Snelling,GTX Plus Pro,Cancity,Lost,2017-07-04,2017-07-14,0.0
A5BVV5P8,Kary Hendrixson,GTX Basic,Scotfind,Lost,2017-05-01,2017-06-12,0.0
1IHNDN80,Cecily Lampkin,MG Advanced,Streethex,Lost,2017-03-12,2017-05-02,0.0
57FO8KSQ,Darcel Schlecht,GTX Plus Basic,Isdom,Lost,2017-03-30,2017-04-07,0.0
BOVKZHAZ,Markita Hansen,MG Special,Doncon,Lost,2017-06-12,2017-08-29,0.0
0KWYQTQQ,Rosalina Dieter,MG Special,,Engaging,2017-11-10,,
CN8X0DLA,Daniell Hammack,GTX Plus Basic,Stanredtax,Engaging,2017-08-24,,
OV60VIBB,Niesha Huffines,GTX Basic,Betatech,Lost,2017-02-27,2017-05-08,0.0
73086D08,Markita Hansen,GTX Plus Pro,,Engaging,2017-05-07,,
Q3WLHRE9,Darcel Schlecht,GTX Basic,Statholdings,Won,2016-12-17,2017-03-04,463.0
62PCN0KS,Maureen Marcano,GTX Plus Basic,,Engaging,2017-11-16,,
401BY1PW,Boris Faz,GTXPro,Ganjaflex,Won,2017-08-30,2017-12-21,5052.0
6RQCLF28,Gladys Colclough,GTX Basic,Codehow,Won,2017-04-02,2017-04-11,507.0
M8WP93D4,Cecily Lampkin,GTX Basic,Isdom,Lost,2017-04-09,2017-04-18,0.0
ZYRF768H,Violet Mclelland,MG Special,Iselectrics,Lost,2017-02-08,2017-05-04,0.0
F90O03ZH,Donn Cantrell,GTXPro,Kinnamplus,Lost,2016-12-25,2017-03-23,0.0
FI0I7E73,Moses Frase,MG Advanced,Ron-tech,Won,2017-05-01,2017-05-08,3971.0
GEQ7KT9J,Wilburn Farren,GTX Plus Basic,Plussunin,Engaging,2017-07-20,,
7KUYF1U3,Violet Mclelland,MG Special,Kan-code,Won,2017-07-23,2017-08-06,48.0
WB44DF28,Garret Kinder,GTXPro,Vehement Capital Partners,Won,2017-06-16,2017-09-18,5206.0
04G3DK6T,Moses Frase,MG Special,Warephase,Won,2017-11-09,2017-11-21,54.0
BXK5HGEY,Vicki Laflamme,MG Special,,Engaging,2017-03-28,,
V9YY2XIE,Niesha Huffines,MG Advanced,Zumgoity,Lost,2017-08-29,2017-11-28,0.0
6XO4RYXK,Donn Cantrell,GTX Plus Basic,Silis,Won,2016-12-18,2017-03-15,1132.0
6WTNSL1T,Rosalina Dieter,MG Advanced,Newex,Won,2017-01-26,2017-03-19,2982.0
7NDOEFEB,Versie Hillebrand,MG Special,Toughzap,Lost,2017-08-17,2017-08-20,0.0
9FH4OP4U,Kary Hendrixson,GTX Plus Pro,Faxquote,Won,2017-05-27,2017-08-04,5312.0
G86OKJFV,Anna Snelling,GTX Plus Pro,Isdom,Lost,2017-05-22,2017-05-31,0.0
T1SITEI0,Darcel Schlecht,MG Special,Singletechno,Engaging,2017-07-29,,
WEKW3XIN,Cassey Cress,GTX Plus Pro,Condax,Engaging,2017-06-20,,
3VMC6PGJ,Hayden Neloms,GTX Plus Basic,Faxquote,Lost,2017-04-17,2017-04-25,0.0
CO6JN5NH,James Ascencio,GTX Basic,Green-Plus,Lost,2017-05-13,2017-08-22,0.0
I18DIO6O,Corliss Cosme,GTX Plus Pro,Zotware,Won,2017-04-23,2017-04-24,5780.0
1UFFP5T3,Lajuana Vencill,MG Advanced,Cancity,Lost,2017-07-19,2017-08-02,0.0
DN6SG3US,Wilburn Farren,GTX Plus Pro,,Engaging,2017-02-25,,
1IG94UUQ,Kary Hendrixson,GTX Plus Basic,Singletechno,Won,2017-07-03,2017-07-13,1133.0
O3Q5B86F,Anna Snelling,GTX Plus Basic,Warephase,Won,2017-08-30,2017-12-26,1118.0
8INCUUGJ,Elease Gluck,GTX Basic,Plexzap,Won,2017-04-01,2017-06-22,452.0
XNOQAL9G,Anna Snelling,MG Special,Betatech,Lost,2017-08-06,2017-11-29,0.0
LKBS2IJC,Darcel Schlecht,GTX Plus Pro,Konmatfix,Lost,2017-06-01,2017-06-11,0.0
CNBN12RL,Versie Hillebrand,MG Special,Treequote,Won,2016-12-10,2017-03-07,49.0
ECCVMNUZ,Rosalina Dieter,MG Special,Sunnamplex,Won,2017-03-13,2017-05-20,66.0
8OHCCD42,Anna Snelling,GTX Plus Basic,Bioholding,Lost,2017-04-13,2017-04-15,0.0
GK8YD2XW,Darcel Schlecht,GTX Basic,Rangreen,Lost,2016-12-26,2017-03-23,0.0
4U2Z53VS,Versie Hillebrand,MG Special,Inity,Lost,2017-07-29,2017-08-10,0.0
8BGC94TT,Maureen Marcano,GTXPro,Kan-code,Won,2017-08-17,2017-11-17,5316.0
PTKOWYW6,Gladys Colclough,MG Special,Statholdings,Lost,2017-06-30,2017-08-28,0.0
D45LXDPW,Niesha Huffines,GTX Plus Basic,,Prospecting,,,
DZ47F0UT,Kary Hendrixson,GTX Plus Basic,Labdrill,Lost,2017-08-04,2017-08-08,0.0
8LVFBGN4,Kami Bicknell,GTX Plus Basic,Konex,Lost,2017-04-07,2017-04-16,0.0
IVANA47K,Marty Freudenburg,GTX Plus Basic,Cancity,Won,2017-07-25,2017-07-27,1031.0
BTT6YAVZ,Zane Levy,GTX Plus Basic,Green-Plus,Engaging,2017-01-01,,
N1G2CFCB,Maureen Marcano,GTX Basic,Dalttechnology,Won,2017-06-25,2017-09-06,500.0
9Y2HDGST,Versie Hillebrand,GTX Basic,Dontechi,Won,2017-06-28,2017-07-02,462.0
R6KPUAH7,Zane Levy,MG Advanced,Sunnamplex,Lost,2017-07-02,2017-07-06,0.0
0PUDG8KY,Cassey Cress,GTX Basic,Zathunicon,Lost,2017-08-12,2017-08-24,0.0
FRSYEHJE,Lajuana Vencill,MG Advanced,Globex Corporation,Lost,2017-10-19,2017-10-21,0.0
9P180HVQ,Moses Frase,GTX Basic,Zencorporation,Engaging,2017-08-05,,
RU3OP2BA,Zane Levy,MG Advanced,J-Texon,Won,2017-04-09,2017-06-26,3070.0
YYUJ1DCF,Anna Snelling,MG Advanced,,Prospecting,,,
WJ7HDR4Q,Marty Freudenburg,MG Advanced,,Prospecting,,,
KBKHKULU,Zane Levy,GTX Plus Pro,Lexiqvolax,Won,2017-01-19,2017-03-18,4869.0
WIHGFD8B,Anna Snelling,MG Special,Funholding,Lost,2017-08-30,2017-11-19,0.0
S2D060YF,Vicki Laflamme,GTX Basic,Y-corporation,Won,2017-05-04,2017-08-14,578.0
WDT43Q6O,Niesha Huffines,GTX Plus Basic,Zumgoity,Won,2017-09-01,2017-09-14,1098.0
85U38YFD,Marty Freudenburg,GTX Basic,Hottechi,Lost,2017-10-24,2017-12-24,0.0
FJE58EP1,Darcel Schlecht,GTXPro,,Engaging,2017-08-14,,
DAW2JTP5,Cecily Lampkin,MG Special,Genco Pura Olive Oil Company,Lost,2017-06-28,2017-07-07,0.0
SQZ293C0,Moses Frase,GTX Plus Pro,Genco Pura Olive Oil Company,Won,2017-04-07,2017-04-13,4659.0
GYBIACTC,Jonathan Berthelot,GTX Basic,Scottech,Won,2017-04-16,2017-04-24,538.0
OWBGBQ4G,Darcel Schlecht,GTXPro,Stanredtax,Lost,2017-07-11,2017-07-18,0.0
4R5LIB5F,Kary Hendrixson,GTX Plus Basic,Green-Plus,Lost,2017-04-10,2017-06-13,0.0
6ZVC87CV,Boris Faz,MG Special,Ontomedia,Won,2017-05-21,2017-08-09,53.0
9IA34L8S,Vicki Laflamme,GTX Basic,,Engaging,2016-12-29,,
QFBITAKR,James Ascencio,GTX Basic,J-Texon,Won,2017-06-11,2017-08-10,507.0
TCBW39GW,Marty Freudenburg,GTX Plus Basic,Zumgoity,Won,2017-08-08,2017-11-07,1196.0
YJTQSZ9D,Gladys Colclough,GTX Plus Basic,Inity,Won,2017-12-27,2017-12-30,1052.0
87MEZS8G,Darcel Schlecht,GTXPro,Conecom,Won,2017-02-27,2017-05-13,4311.0
8AK3KGFA,Gladys Colclough,MG Advanced,,Engaging,2017-07-25,,
PYEQPW42,Anna Snelling,GTX Plus Pro,Dontechi,Won,2017-05-06,2017-05-09,4784.0
0KEO3OP7,Daniell Hammack,GTX Plus Pro,,Engaging,2017-04-27,,
38C7HEG6,Jonathan Berthelot,GTX Plus Basic,Rundofase,Won,2017-08-07,2017-11-01,1080.0
N60UJ28O,Kary Hendrixson,GTX Plus Basic,Xx-holding,Won,2017-04-18,2017-04-22,1158.0
WJC5J533,Lajuana Vencill,GTX Plus Pro,Finhigh,Won,2017-02-21,2017-06-04,5401.0
FOFS0O2G,Cassey Cress,GTX Plus Pro,Xx-zobam,Lost,2017-10-27,2017-10-29,0.0
7Z5AVSH6,Darcel Schlecht,GTXPro,Treequote,Won,2017-03-15,2017-06-21,4969.0
GUJNYTXN,Garret Kinder,GTX Basic,Kinnamplus,Won,2017-07-08,2017-07-09,483.0
677XNEFB,Markita Hansen,MG Special,Y-corporation,Won,2017-03-26,2017-06-18,58.0
ODGKZEVV,Kary Hendrixson,GTXPro,,Engaging,2017-03-23,,
PJJMVZAL,Jonathan Berthelot,GTX Basic,Treequote,Won,2017-10-27,2017-10-29,538.0
QNVW1NSS,Wilburn Farren,MG Advanced,,Engaging,2017-05-30,,
30KP0JMN,Maureen Marcano,GTX Plus Pro,Xx-holding,Lost,2017-07-22,2017-07-23,0.0
G03J67Z1,Zane Levy,GTX Plus Basic,,Engaging,2017-08-22,,
6BV9IARK,Darcel Schlecht,GTXPro,Isdom,Won,2017-06-21,2017-07-01,4826.0
K1RXVUG9,Kary Hendrixson,GTX Basic,Nam-zim,Won,2017-01-13,2017-03-14,619.0
PLYYX5CD,Jonathan Berthelot,GTX Plus Pro,Hottechi,Won,2017-05-27,2017-08-17,5769.0
V5OK4V5I,Cassey Cress,GTX Basic,Bubba Gump,Won,2016-12-09,2017-03-14,549.0
JTDV6H65,Darcel Schlecht,MG Advanced,Treequote,Lost,2017-03-01,2017-05-08,0.0
PJKAJVUG,Darcel Schlecht,GTX Basic,Dontechi,Lost,2017-04-30,2017-05-04,0.0
VR9NYBOV,Garret Kinder,MG Special,Kinnamplus,Won,2016-12-13,2017-03-06,41.0
SCS5H8V1,Markita Hansen,GTK 500,Vehement Capital Partners,Engaging,2017-02-14,,
3IIDRUGI,Gladys Colclough,MG Special,Scottech,Lost,2017-06-13,2017-09-28,0.0
4Q1A27SA,Vicki Laflamme,MG Advanced,Singletechno,Won,2017-08-01,2017-11-20,3597.0
GNKFTK7J,Donn Cantrell,GTX Basic,Sumace,Won,2017-04-08,2017-06-14,547.0
SE609QTE,Versie Hillebrand,MG Special,Stanredtax,Won,2017-03-23,2017-05-05,60.0
XT9YNOV2,Donn Cantrell,GTX Plus Pro,Acme Corporation,Won,2017-02-09,2017-06-11,5724.0
N9KFQCOH,Rosie Papadopoulos,GTXPro,Vehement Capital Partners,Won,2017-08-29,2017-09-05,5688.0
OF7GY5F4,Violet Mclelland,MG Special,The New York Inquirer,Won,2017-03-02,2017-03-09,61.0
6V7OMXY5,Maureen Marcano,GTX Plus Pro,Faxquote,Won,2017-06-12,2017-09-01,5966.0
MLPVWTC2,Darcel Schlecht,MG Advanced,Statholdings,Lost,2017-08-01,2017-11-23,0.0
8GISH3I9,Garret Kinder,MG Special,Kinnamplus,Lost,2017-06-14,2017-06-27,0.0
MF4299DQ,Cassey Cress,MG Advanced,Bluth Company,Lost,2017-06-26,2017-07-03,0.0
FX54MQFC,Kami Bicknell,GTX Basic,Golddex,Won,2017-04-23,2017-04-24,592.0
LRLER1XS,Hayden Neloms,MG Special,Finjob,Won,2017-07-22,2017-09-14,64.0
N6H58J55,Anna Snelling,GTX Basic,Streethex,Lost,2017-02-15,2017-05-13,0.0
EBMBP7JQ,Anna Snelling,MG Advanced,dambase,Won,2017-11-26,2017-12-07,3844.0
M49ZMLGL,Kami Bicknell,MG Special,Finjob,Won,2017-08-16,2017-09-04,57.0
VT5Y73GX,Anna Snelling,MG Special,Betatech,Won,2017-01-09,2017-03-15,56.0
S3E48VE0,Zane Levy,GTXPro,Plexzap,Won,2017-07-26,2017-09-26,6000.0
8V3XDZ0D,Lajuana Vencill,GTX Basic,Inity,Won,2017-08-23,2017-11-21,528.0
9ZDFLOKA,Maureen Marcano,MG Special,Green-Plus,Won,2017-03-29,2017-04-07,48.0
42CA70FG,Corliss Cosme,MG Advanced,Zotware,Won,2017-10-18,2017-10-26,3225.0
M842E8JB,Violet Mclelland,MG Special,Donware,Lost,2017-01-16,2017-03-13,0.0
AW3L4BTT,Zane Levy,GTX Plus Basic,Hottechi,Lost,2017-04-01,2017-04-02,0.0
WR6Q2X53,Darcel Schlecht,GTX Plus Pro,Streethex,Lost,2017-02-15,2017-05-08,0.0
3ZG0719M,Darcel Schlecht,GTX Plus Basic,Ron-tech,Won,2017-06-10,2017-08-26,1075.0
JXLERZ9O,Kary Hendrixson,GTX Basic,Golddex,Won,2016-11-16,2017-03-31,559.0
JDXSS1HT,Markita Hansen,GTX Basic,Silis,Engaging,2017-03-08,,
02K37JAK,Jonathan Berthelot,GTX Plus Basic,,Engaging,2017-07-21,,
DYXD1AXO,Anna Snelling,MG Special,,Prospecting,,,
N88UFF5K,Kary Hendrixson,GTX Basic,Labdrill,Lost,2017-04-02,2017-04-03,0.0
V3VJRFBV,Cassey Cress,GTX Basic,Kan-code,Lost,2017-08-25,2017-11-03,0.0
DJ2FHO68,Kami Bicknell,GTX Basic,Golddex,Lost,2017-04-19,2017-08-16,0.0
PCVNB0NO,Zane Levy,GTX Basic,,Engaging,2017-06-19,,
E5NRH4BP,Darcel Schlecht,MG Special,Genco Pura Olive Oil Company,Won,2017-05-01,2017-05-02,59.0
9H2V1F1E,Moses Frase,MG Advanced,Funholding,Prospecting,,,
D4Z6IL8W,Niesha Huffines,GTX Basic,Rundofase,Won,2017-05-18,2017-06-05,616.0
P7GCDFU8,Reed Clapper,GTX Basic,Massive Dynamic,Won,2017-06-20,2017-09-14,649.0
OGD4MDJ9,Maureen Marcano,GTX Plus Basic,Lexiqvolax,Won,2016-12-05,2017-03-21,891.0
F52YEFJ8,Gladys Colclough,GTX Plus Pro,Globex Corporation,Lost,2017-03-31,2017-04-02,0.0
OS59LIZX,Vicki Laflamme,GTXPro,J-Texon,Lost,2017-10-19,2017-10-26,0.0
0P8NFYML,Cassey Cress,MG Special,Betasoloin,Lost,2017-05-06,2017-05-24,0.0
KBG5R0WH,Vicki Laflamme,GTX Plus Pro,Blackzim,Lost,2017-06-25,2017-07-02,0.0
8GNSME5U,Versie Hillebrand,MG Special,,Prospecting,,,
O1SCOU11,Elease Gluck,MG Special,,Engaging,2017-10-31,,
VLPSQ076,Wilburn Farren,MG Advanced,Betasoloin,Lost,2017-07-03,2017-07-12,0.0
EMIAKHPF,Donn Cantrell,GTX Plus Pro,Kinnamplus,Won,2017-06-10,2017-09-21,5051.0
4G0X8VHP,Markita Hansen,MG Advanced,Y-corporation,Engaging,2017-05-24,,
8JJY9B08,Corliss Cosme,GTX Basic,Xx-zobam,Lost,2017-02-27,2017-05-04,0.0
TFS5SYN2,Reed Clapper,GTXPro,The New York Inquirer,Lost,2017-05-08,2017-05-17,0.0
UMZ986GC,Versie Hillebrand,MG Advanced,Dontechi,Won,2017-03-06,2017-05-24,3428.0
M4EHG2ZB,Gladys Colclough,MG Special,Konmatfix,Won,2017-10-21,2017-10-30,52.0
524GC3WL,Darcel Schlecht,MG Advanced,Globex Corporation,Won,2017-04-03,2017-04-13,3141.0
8SGMUWET,Vicki Laflamme,GTX Basic,Goodsilron,Won,2017-07-14,2017-09-29,534.0
ZOBJHMAF,Cassey Cress,MG Advanced,,Engaging,2016-12-11,,
OQ1P1OLH,Jonathan Berthelot,GTX Basic,,Prospecting,,,
HPU7RQG6,Zane Levy,GTX Plus Pro,Rantouch,Lost,2017-07-08,2017-07-15,0.0
5P3NH791,Boris Faz,MG Advanced,Golddex,Engaging,2017-02-10,,
8G9Q7NXD,Rosie Papadopoulos,MG Special,Kan-code,Won,2017-05-06,2017-08-09,51.0
UJT04PL7,Zane Levy,GTX Basic,Plusstrip,Won,2017-08-27,2017-11-29,498.0
GNL7T2JP,Corliss Cosme,GTXPro,Silis,Lost,2017-04-13,2017-04-18,0.0
Y0EKPBLQ,Niesha Huffines,MG Special,,Prospecting,,,
QMUBRAT2,Gladys Colclough,GTX Basic,Globex Corporation,Lost,2017-06-05,2017-08-28,0.0
0TQP0E65,Darcel Schlecht,GTX Plus Basic,,Prospecting,,,
283MDYKM,Moses Frase,GTX Plus Basic,,Engaging,2017-07-31,,
GYS3APR7,Corliss Cosme,GTX Basic,Bluth Company,Won,2017-06-08,2017-08-05,602.0
8XE8GGIW,Darcel Schlecht,GTXPro,Donquadtech,Prospecting,,,
PAGZQH8L,Cecily Lampkin,MG Advanced,Treequote,Won,2016-11-25,2017-03-06,3956.0
OJ0C7S3T,Gladys Colclough,GTXPro,Genco Pura Olive Oil Company,Won,2017-04-17,2017-04-24,4784.0
VMEVOJVL,Daniell Hammack,GTX Plus Pro,Sumace,Lost,2017-02-22,2017-05-17,0.0
D5LEL3HF,Darcel Schlecht,MG Advanced,Rangreen,Won,2017-06-15,2017-09-09,2683.0
DSIX9DGZ,Vicki Laflamme,MG Special,Newex,Lost,2017-04-23,2017-04-30,0.0
1SKGHPHL,Vicki Laflamme,GTX Plus Pro,Rantouch,Won,2017-08-25,2017-11-21,5129.0
UTJGDR3K,Darcel Schlecht,GTXPro,Streethex,Lost,2017-06-08,2017-08-25,0.0
KAZ72JJ0,Versie Hillebrand,MG Special,,Prospecting,,,
ADRB8OMB,Darcel Schlecht,GTX Basic,Warephase,Won,2016-11-08,2017-03-26,561.0
P8GXMSXL,Moses Frase,MG Advanced,Ron-tech,Lost,2017-08-17,2017-08-28,0.0
CM33NN0P,Wilburn Farren,MG Advanced,Silis,Lost,2017-07-15,2017-07-23,0.0
GKHTT70P,Darcel Schlecht,GTXPro,Genco Pura Olive Oil Company,Won,2017-06-16,2017-09-17,4577.0
JRAAPD3L,Lajuana Vencill,MG Advanced,Warephase,Won,2017-05-25,2017-09-16,3727.0
GL95LARP,Cassey Cress,GTXPro,,Engaging,2017-04-08,,
4MPM6ZPU,Reed Clapper,GTXPro,Yearin,Lost,2017-11-22,2017-12-06,0.0
F15SU034,Gladys Colclough,MG Advanced,Condax,Won,2017-10-31,2017-12-21,3298.0
IF8PILJR,Anna Snelling,MG Special,Globex Corporation,Won,2017-07-27,2017-07-29,46.0
9MZPL59I,Versie Hillebrand,MG Special,Streethex,Lost,2017-07-17,2017-08-03,0.0
I93XL6Q9,Anna Snelling,MG Special,Finhigh,Prospecting,,,
5J1C46RJ,Reed Clapper,GTX Plus Pro,Massive Dynamic,Won,2017-06-30,2017-09-19,5927.0
ZALE38AC,James Ascencio,GTXPro,Newex,Lost,2017-04-20,2017-05-09,0.0
MJODFG6C,Vicki Laflamme,MG Special,Green-Plus,Lost,2017-10-20,2017-10-27,0.0